Segment Number,Wavenumber (cm-1),Wavenumber + Noise (cm-1),Alpha (ppm/cm),Alpha + Noise (ppm/cm),Noise (%),Pressure (Torr),Temperature (C)
0,6326.0,6326.0,2.8645780370449843e-08,-4.45556366408134e-07,-0.003663434621200191,1.0000000000000002,25.000000000000114
0,6326.005,6326.005,1.518659380204758e-08,-4.167337352401886e-07,-0.003336787692258856,1.0000000000000002,25.000000000000114
0,6326.01,6326.01,1.4223756530197858e-08,2.205560808397175e-07,0.0015940142521141737,1.0000000000000002,25.000000000000114
0,6326.015,6326.015,1.3981441555010521e-08,-2.2900277676798964e-08,-0.00028492862809894356,1.0000000000000002,25.000000000000114
0,6326.02,6326.02,1.3890493512933329e-08,-2.3600772849607612e-07,-0.001930581302727924,1.0000000000000002,25.000000000000114
0,6326.025000000001,6326.025000000001,1.3876075021480678e-08,7.085319469166943e-08,0.0004401750482025922,1.0000000000000002,25.000000000000114
0,6326.030000000001,6326.030000000001,1.3910029269048555e-08,4.144261018310331e-07,0.003094175040198209,1.0000000000000002,25.000000000000114
0,6326.035000000001,6326.035000000001,1.397970398746502e-08,1.111842440372699e-08,-2.2104730565240377e-05,1.0000000000000002,25.000000000000114
0,6326.040000000001,6326.040000000001,1.4079753050451675e-08,3.614164728955954e-08,0.00017043850963952432,1.0000000000000002,25.000000000000114
0,6326.045000000001,6326.045000000001,1.4210880593849373e-08,2.779130344274139e-07,0.0020372231686458667,1.0000000000000002,25.000000000000114
0,6326.050000000001,6326.050000000001,1.44258649228616e-08,2.9010146410141663e-07,0.0021297236655539236,1.0000000000000002,25.000000000000114
0,6326.055000000001,6326.055000000001,1.5667951608991512e-08,5.874959483140331e-08,0.00033282595701295074,1.0000000000000002,25.000000000000114
0,6326.060000000001,6326.060000000001,2.3979545892757242e-08,1.581090591423071e-07,0.0010362135766385828,1.0000000000000002,25.000000000000114
0,6326.065000000001,6326.065000000001,4.426125221187847e-08,2.499281033535444e-08,-0.00014885777625971234,1.0000000000000002,25.000000000000114
0,6326.0700000000015,6326.0700000000015,5.006670352291988e-08,7.800217241975884e-08,0.00021581463646120055,1.0000000000000002,25.000000000000114
0,6326.075000000002,6326.075000000002,3.1367105368320123e-08,-9.36010238915558e-08,-0.0009654375763317949,1.0000000000000002,25.000000000000114
0,6326.080000000002,6326.080000000002,1.9925310204008667e-08,3.3662501642631914e-07,0.0024466541878404246,1.0000000000000002,25.000000000000114
0,6326.085000000002,6326.085000000002,1.8353830473982934e-08,-2.53929188482036e-08,-0.00033796421446125356,1.0000000000000002,25.000000000000114
0,6326.090000000002,6326.090000000002,1.75408641845083e-08,8.525093697372325e-08,0.0005230921592090894,1.0000000000000002,25.000000000000114
0,6326.095000000002,6326.095000000002,1.7151099563946265e-08,1.1701319706868017e-07,0.0007714816725942193,1.0000000000000002,25.000000000000114
0,6326.100000000002,6326.100000000002,1.7491116664822507e-08,1.167382314777351e-07,0.0007667306420475166,1.0000000000000002,25.000000000000114
0,6326.105000000002,6326.105000000002,1.8266720031769973e-08,7.723514163904361e-08,0.0004555587922601365,1.0000000000000002,25.000000000000114
0,6326.110000000002,6326.110000000002,2.0841841070243113e-08,2.7368540235847874e-08,5.042182083709352e-05,1.0000000000000002,25.000000000000114
0,6326.1150000000025,6326.1150000000025,2.7520740180412656e-08,2.491485920659612e-07,0.0017121793967728508,1.0000000000000002,25.000000000000114
0,6326.120000000003,6326.120000000003,3.1750207374527826e-08,4.6456921351462645e-08,0.00011361628266172366,1.0000000000000002,25.000000000000114
0,6326.125000000003,6326.125000000003,2.7435654282348213e-08,5.7147790059311427e-08,0.0002295402237517743,1.0000000000000002,25.000000000000114
0,6326.130000000003,6326.130000000003,2.4125890243171584e-08,3.759621499546725e-07,0.00271810058975234,1.0000000000000002,25.000000000000114
0,6326.135000000003,6326.135000000003,2.6163655673456618e-08,-1.0534347782157066e-07,-0.0010159544596187306,1.0000000000000002,25.000000000000114
0,6326.140000000003,6326.140000000003,3.071025402615205e-08,-3.4513078536542373e-07,-0.0029035488032445704,1.0000000000000002,25.000000000000114
0,6326.145000000003,6326.145000000003,3.236755546850625e-08,4.621301622805239e-07,0.0033201182731623486,1.0000000000000002,25.000000000000114
0,6326.150000000003,6326.150000000003,3.1978594403880246e-08,-4.838444190401385e-08,-0.0006208422536150425,1.0000000000000002,25.000000000000114
0,6326.155000000003,6326.155000000003,3.387129979465373e-08,1.2083222326831565e-07,0.0006718140352361246,1.0000000000000002,25.000000000000114
0,6326.1600000000035,6326.1600000000035,3.7804343238769395e-08,6.157275379114772e-08,0.0001836221508063725,1.0000000000000002,25.000000000000114
0,6326.165000000004,6326.165000000004,4.318135749853509e-08,1.5512126759246891e-07,0.0008647884555521254,1.0000000000000002,25.000000000000114
0,6326.170000000004,6326.170000000004,5.042583690032888e-08,3.562144554559581e-07,0.0023623609036690757,1.0000000000000002,25.000000000000114
0,6326.175000000004,6326.175000000004,6.051899400418745e-08,7.019508304949927e-08,7.475233894915832e-05,1.0000000000000002,25.000000000000114
0,6326.180000000004,6326.180000000004,7.523932141152208e-08,1.8076932779112818e-09,-0.0005672938653341351,1.0000000000000002,25.000000000000114
0,6326.185000000004,6326.185000000004,9.808813189668251e-08,-7.805139960703418e-07,-0.006787614682304348,1.0000000000000002,25.000000000000114
0,6326.190000000004,6326.190000000004,1.3704739216922351e-07,5.429817179512246e-07,0.003136033594756601,1.0000000000000002,25.000000000000114
0,6326.195000000004,6326.195000000004,2.2337375621450584e-07,1.5686371750849492e-07,-0.0005138213314895292,1.0000000000000002,25.000000000000114
0,6326.200000000004,6326.200000000004,8.795910847144759e-07,8.70208709939861e-07,-7.248325806177441e-05,1.0000000000000002,25.000000000000114
0,6326.2050000000045,6326.2050000000045,1.0308923858633848e-05,1.008713376828228e-05,-0.0017134327652304619,1.0000000000000002,25.000000000000114
0,6326.210000000005,6326.210000000005,7.22256718066606e-05,7.200857467054226e-05,-0.001677177486483798,1.0000000000000002,25.000000000000114
0,6326.215000000005,6326.215000000005,0.00019975088669284426,0.00020025260892817255,0.00387604024910886,1.0000000000000002,25.000000000000114
0,6326.220000000005,6326.220000000005,0.0002068414097815428,0.00020626277406446522,-0.004470233071287174,1.0000000000000002,25.000000000000114
0,6326.225000000005,6326.225000000005,8.008619758352709e-05,8.00357301261268e-05,-0.0003898848453980053,1.0000000000000002,25.000000000000114
0,6326.230000000005,6326.230000000005,1.2149727385849856e-05,1.2239268676752634e-05,0.000691748587282038,1.0000000000000002,25.000000000000114
0,6326.235000000005,6326.235000000005,1.037838434763348e-06,7.034735746825806e-07,-0.0025831258100663685,1.0000000000000002,25.000000000000114
0,6326.240000000005,6326.240000000005,2.6122956795616555e-07,1.3951839535805215e-07,-0.0009402760542351422,1.0000000000000002,25.000000000000114
0,6326.245000000005,6326.245000000005,2.0055160966711237e-07,2.0046411834215143e-08,-0.0013944875524918013,1.0000000000000002,25.000000000000114
0,6326.2500000000055,6326.2500000000055,2.3455542489394e-07,1.7079137285538767e-07,-0.0004926072929296847,1.0000000000000002,25.000000000000114
0,6326.255000000006,6326.255000000006,8.077117178503322e-07,8.139524265887412e-07,4.82124102736068e-05,1.0000000000000002,25.000000000000114
0,6326.260000000006,6326.260000000006,2.338356095896765e-06,2.2439512287677245e-06,-0.0007293220011756158,1.0000000000000002,25.000000000000114
0,6326.265000000006,6326.265000000006,2.7743776013612846e-06,2.7204388197476338e-06,-0.0004167024576568804,1.0000000000000002,25.000000000000114
0,6326.270000000006,6326.270000000006,1.2682672863984622e-06,9.061871213421917e-07,-0.0027972395766828425,1.0000000000000002,25.000000000000114
0,6326.275000000006,6326.275000000006,2.5424523505568703e-07,1.6307126481399077e-07,-0.0007043618030933612,1.0000000000000002,25.000000000000114
0,6326.280000000006,6326.280000000006,5.66738824194533e-08,-4.791915000845189e-07,-0.004139812120007876,1.0000000000000002,25.000000000000114
0,6326.285000000006,6326.285000000006,3.8612898307544584e-08,-1.5981362741857708e-07,-0.0015329382396258144,1.0000000000000002,25.000000000000114
0,6326.290000000006,6326.290000000006,3.7087518032614494e-08,-2.100260657837257e-07,-0.0019090686629563791,1.0000000000000002,25.000000000000114
0,6326.295000000006,6326.295000000006,5.055543177129687e-08,-5.377103109936615e-08,-0.0008059709948259643,1.0000000000000002,25.000000000000114
0,6326.300000000007,6326.300000000007,1.2775907547499194e-07,1.1859668501273856e-07,-7.078377578085095e-05,1.0000000000000002,25.000000000000114
0,6326.305000000007,6326.305000000007,2.8189278111398646e-07,4.171855472397889e-07,0.0010452002522346854,1.0000000000000002,25.000000000000114
0,6326.310000000007,6326.310000000007,2.878465656210216e-07,4.642654395711837e-07,0.0013629187785266365,1.0000000000000002,25.000000000000114
0,6326.315000000007,6326.315000000007,1.285637972704451e-07,2.530107144675758e-07,0.0009614109679989997,1.0000000000000002,25.000000000000114
0,6326.320000000007,6326.320000000007,4.257452761551099e-08,2.406661093944906e-07,0.0015303506400958303,1.0000000000000002,25.000000000000114
0,6326.325000000007,6326.325000000007,2.8372380327718264e-08,4.049763527764532e-07,0.0029094428199508255,1.0000000000000002,25.000000000000114
0,6326.330000000007,6326.330000000007,2.7411755851625198e-08,1.3434775217014997e-07,0.0008261308680847,1.0000000000000002,25.000000000000114
0,6326.335000000007,6326.335000000007,2.7521335128225124e-08,-7.579050291464109e-08,-0.0007981325408102433,1.0000000000000002,25.000000000000114
0,6326.340000000007,6326.340000000007,2.7893715953469476e-08,3.331792998464271e-07,0.00235847472430145,1.0000000000000002,25.000000000000114
0,6326.3450000000075,6326.3450000000075,2.8481424211219512e-08,3.6269609598943365e-07,0.002581965534789232,1.0000000000000002,25.000000000000114
0,6326.350000000008,6326.350000000008,2.9300561667893477e-08,-1.9814386083202201e-07,-0.001757115140548125,1.0000000000000002,25.000000000000114
0,6326.355000000008,6326.355000000008,3.037816061675778e-08,2.7426175382915635e-07,0.0018841154663396715,1.0000000000000002,25.000000000000114
0,6326.360000000008,6326.360000000008,3.175779323086879e-08,1.5701818476018747e-07,0.0009676954398265526,1.0000000000000002,25.000000000000114
0,6326.365000000008,6326.365000000008,3.350334702587914e-08,1.207066258522222e-07,0.0006736863443255641,1.0000000000000002,25.000000000000114
0,6326.370000000008,6326.370000000008,3.570644275346123e-08,-4.0610701900922775e-07,-0.0034132167956833033,1.0000000000000002,25.000000000000114
0,6326.375000000008,6326.375000000008,3.8500543400888304e-08,-3.4922577852700175e-08,-0.0005672281456848171,1.0000000000000002,25.000000000000114
0,6326.380000000008,6326.380000000008,4.2118282646683805e-08,-4.2053546579428836e-07,-0.0035742178123417284,1.0000000000000002,25.000000000000114
0,6326.385000000008,6326.385000000008,4.754253124451807e-08,4.5547847969338666e-07,0.003151497071305993,1.0000000000000002,25.000000000000114
0,6326.3900000000085,6326.3900000000085,5.919980132546304e-08,-1.0954873453710145e-08,-0.0005419778593812768,1.0000000000000002,25.000000000000114
0,6326.395000000009,6326.395000000009,7.968200395150899e-08,2.8430444015770365e-07,0.0015808045622832587,1.0000000000000002,25.000000000000114
0,6326.400000000009,6326.400000000009,9.303911410930222e-08,-1.2006609768026692e-07,-0.0016463379934731348,1.0000000000000002,25.000000000000114
0,6326.405000000009,6326.405000000009,9.835556009704486e-08,3.885011584033823e-07,0.002241511214668935,1.0000000000000002,25.000000000000114
0,6326.410000000009,6326.410000000009,1.1859649774668515e-07,1.2312696393304924e-07,3.499998215961795e-05,1.0000000000000002,25.000000000000114
0,6326.415000000009,6326.415000000009,1.647153695310705e-07,-2.388056996393414e-07,-0.0031173900523753734,1.0000000000000002,25.000000000000114
0,6326.420000000009,6326.420000000009,2.803681574291167e-07,2.0291008640448637e-07,-0.0005984000304737326,1.0000000000000002,25.000000000000114
0,6326.425000000009,6326.425000000009,1.3756655341793075e-06,1.1356179727752145e-06,-0.0018544803163724286,1.0000000000000002,25.000000000000114
0,6326.430000000009,6326.430000000009,1.6062778541984583e-05,1.596253104100454e-05,-0.0007744590957125499,1.0000000000000002,25.000000000000114
0,6326.4350000000095,6326.4350000000095,9.888724261162082e-05,9.899640136571006e-05,0.0008433027173205296,1.0000000000000002,25.000000000000114
0,6326.44000000001,6326.44000000001,0.0002368757644174419,0.00023700505929114278,0.0009988637121896612,1.0000000000000002,25.000000000000114
0,6326.44500000001,6326.44500000001,0.00021192306471277494,0.00021162557630969239,-0.00229823783519704,1.0000000000000002,25.000000000000114
0,6326.45000000001,6326.45000000001,7.11161558797661e-05,7.096790598238449e-05,-0.0011453001854729074,1.0000000000000002,25.000000000000114
0,6326.45500000001,6326.45500000001,9.515640890817371e-06,9.2945192741163e-06,-0.0017082684918689353,1.0000000000000002,25.000000000000114
0,6326.46000000001,6326.46000000001,8.30827454572259e-07,3.026271433838448e-07,-0.0040805958388878,1.0000000000000002,25.000000000000114
0,6326.46500000001,6326.46500000001,2.415373664672298e-07,1.986997158590114e-07,-0.0003309409993082556,1.0000000000000002,25.000000000000114
0,6326.47000000001,6326.47000000001,1.6068513516635724e-07,-6.229725645902044e-08,-0.001722643853360388,1.0000000000000002,25.000000000000114
0,6326.47500000001,6326.47500000001,2.0777790477805034e-07,1.0821821147598634e-06,0.006755183791410126,1.0000000000000002,25.000000000000114
0,6326.4800000000105,6326.4800000000105,6.659575314033814e-07,6.386273132678124e-07,-0.00021113878965534546,1.0000000000000002,25.000000000000114
0,6326.485000000011,6326.485000000011,1.4171114294967397e-06,1.4227497425830483e-06,4.3558620528965206e-05,1.0000000000000002,25.000000000000114
0,6326.490000000011,6326.490000000011,1.2342134089240396e-06,1.7271005390497821e-06,0.0038077849058953204,1.0000000000000002,25.000000000000114
0,6326.495000000011,6326.495000000011,4.409558805273546e-07,6.445666137605213e-07,0.0015729886809698992,1.0000000000000002,25.000000000000114
0,6326.500000000011,6326.500000000011,1.0224702731410389e-07,-3.5802959959131165e-07,-0.0035558534304187066,1.0000000000000002,25.000000000000114
0,6326.505000000011,6326.505000000011,5.4609671826059725e-08,1.535752327596151e-07,0.0007645555059027784,1.0000000000000002,25.000000000000114
0,6326.510000000011,6326.510000000011,7.925285024289907e-08,6.598537642059222e-08,-0.00010249747553167607,1.0000000000000002,25.000000000000114
0,6326.515000000011,6326.515000000011,1.857637043263889e-07,2.818577052661911e-07,0.0007423713543348594,1.0000000000000002,25.000000000000114
0,6326.520000000011,6326.520000000011,2.775542797286697e-07,9.414942076625421e-08,-0.001416888798550659,1.0000000000000002,25.000000000000114
0,6326.5250000000115,6326.5250000000115,1.8649735923012523e-07,5.461910861666701e-07,0.002778803219765131,1.0000000000000002,25.000000000000114
0,6326.530000000012,6326.530000000012,7.029889031849194e-08,-1.4395702654489212e-08,-0.0006543055661672307,1.0000000000000002,25.000000000000114
0,6326.535000000012,6326.535000000012,3.6828922679673286e-08,1.2109757052002507e-07,0.0006510149396776488,1.0000000000000002,25.000000000000114
0,6326.540000000012,6326.540000000012,3.2787387213305245e-08,8.447933432370674e-08,0.00039934460433793716,1.0000000000000002,25.000000000000114
0,6326.545000000012,6326.545000000012,3.198313818050324e-08,1.3714948737299443e-07,0.000812459511696164,1.0000000000000002,25.000000000000114
0,6326.550000000012,6326.550000000012,3.149719964698529e-08,1.0196472750056909e-07,0.000544394796529138,1.0000000000000002,25.000000000000114
0,6326.555000000012,6326.555000000012,3.1178290921305577e-08,6.573750083769703e-07,0.004837664169158924,1.0000000000000002,25.000000000000114
0,6326.560000000012,6326.560000000012,3.0986859943890956e-08,5.300833651572039e-07,0.0038557552489786573,1.0000000000000002,25.000000000000114
0,6326.565000000012,6326.565000000012,3.0904651430251784e-08,1.798568484190234e-10,-0.00023736348931567843,1.0000000000000002,25.000000000000114
0,6326.570000000012,6326.570000000012,3.091983744148727e-08,-3.0344000093842587e-07,-0.002583087015065352,1.0000000000000002,25.000000000000114
0,6326.575000000013,6326.575000000013,3.10247560247583e-08,5.093307749440269e-07,0.0036951389637117048,1.0000000000000002,25.000000000000114
0,6326.580000000013,6326.580000000013,3.1216534306963606e-08,2.367698014655775e-08,-5.8246602060495274e-05,1.0000000000000002,25.000000000000114
0,6326.585000000013,6326.585000000013,3.1490633520850915e-08,-6.330500795775042e-08,-0.0007323409168236876,1.0000000000000002,25.000000000000114
0,6326.590000000013,6326.590000000013,3.184937534820672e-08,-1.3155611795112071e-07,-0.0012623842922553537,1.0000000000000002,25.000000000000114
0,6326.595000000013,6326.595000000013,3.229662836382218e-08,-1.1418231540390206e-08,-0.0003377178537084605,1.0000000000000002,25.000000000000114
0,6326.600000000013,6326.600000000013,3.2839787671495636e-08,2.4671398346812796e-07,0.001652278756613416,1.0000000000000002,25.000000000000114
0,6326.605000000013,6326.605000000013,3.349043930781373e-08,4.8811801038955846e-08,0.00011836472565782286,1.0000000000000002,25.000000000000114
0,6326.610000000013,6326.610000000013,3.426603817125563e-08,6.542744146670738e-07,0.004789856324605494,1.0000000000000002,25.000000000000114
0,6326.615000000013,6326.615000000013,3.519230680305792e-08,5.530427747854018e-07,0.00400063843215169,1.0000000000000002,25.000000000000114
0,6326.6200000000135,6326.6200000000135,3.630726012674507e-08,1.144738684790152e-07,0.0006038738145848374,1.0000000000000002,25.000000000000114
0,6326.625000000014,6326.625000000014,3.7668021424064425e-08,-6.411632478011226e-08,-0.0007863319479123187,1.0000000000000002,25.000000000000114
0,6326.630000000014,6326.630000000014,3.936282924124937e-08,-2.076808716084341e-07,-0.0019085287841700397,1.0000000000000002,25.000000000000114
0,6326.635000000014,6326.635000000014,4.1533344706246194e-08,-2.072379756080685e-07,-0.0019218754571068552,1.0000000000000002,25.000000000000114
0,6326.640000000014,6326.640000000014,4.441879331124738e-08,4.485212244503929e-08,3.347671371570612e-06,1.0000000000000002,25.000000000000114
0,6326.645000000014,6326.645000000014,4.845156121815025e-08,1.0483037968307104e-07,0.00043555288998552307,1.0000000000000002,25.000000000000114
0,6326.650000000014,6326.650000000014,5.4490125952490756e-08,8.660858003586233e-08,0.00024813016446210246,1.0000000000000002,25.000000000000114
0,6326.655000000014,6326.655000000014,6.45280267830537e-08,1.0121249583780917e-07,0.00028340477770609637,1.0000000000000002,25.000000000000114
0,6326.660000000014,6326.660000000014,8.747547796290077e-08,-2.9664650053690397e-07,-0.0029675229527317123,1.0000000000000002,25.000000000000114
0,6326.6650000000145,6326.6650000000145,2.896290472528976e-07,4.3091355688142986e-07,0.001091489288963785,1.0000000000000002,25.000000000000114
0,6326.670000000015,6326.670000000015,3.06698954693948e-06,3.1574564942648924e-06,0.0006988997185222741,1.0000000000000002,25.000000000000114
0,6326.675000000015,6326.675000000015,1.9354425880196324e-05,1.9596965089983166e-05,0.0018737294720568335,1.0000000000000002,25.000000000000114
0,6326.680000000015,6326.680000000015,4.7874775827520916e-05,4.764624913386026e-05,-0.001765476194302761,1.0000000000000002,25.000000000000114
0,6326.685000000015,6326.685000000015,4.44504116385754e-05,4.4356339974341804e-05,-0.0007267478520889059,1.0000000000000002,25.000000000000114
0,6326.690000000015,6326.690000000015,1.55256028323703e-05,1.53800982508026e-05,-0.001124091329572264,1.0000000000000002,25.000000000000114
0,6326.695000000015,6326.695000000015,2.17054342046018e-06,2.371088483491003e-06,0.0015493049367423714,1.0000000000000002,25.000000000000114
0,6326.700000000015,6326.700000000015,2.2125357179507797e-07,6.739948745582808e-08,-0.00118859516560695,1.0000000000000002,25.000000000000114
0,6326.705000000015,6326.705000000015,8.952418584863418e-08,-3.509531592998016e-08,-0.0009627442650647924,1.0000000000000002,25.000000000000114
0,6326.7100000000155,6326.7100000000155,7.206250882037768e-08,2.2196476367684878e-07,0.0011580654241398554,1.0000000000000002,25.000000000000114
0,6326.715000000016,6326.715000000016,6.45998392029634e-08,4.792862010632112e-07,0.00320364718991397,1.0000000000000002,25.000000000000114
0,6326.720000000016,6326.720000000016,6.071915546577444e-08,-3.1059859702218753e-07,-0.002868604284420919,1.0000000000000002,25.000000000000114
0,6326.725000000016,6326.725000000016,5.8708138145424846e-08,4.6813445556202797e-07,0.0031630108725653324,1.0000000000000002,25.000000000000114
0,6326.730000000016,6326.730000000016,5.792821029509404e-08,2.392969304547291e-07,0.0014011586686169415,1.0000000000000002,25.000000000000114
0,6326.735000000016,6326.735000000016,5.8468271853639984e-08,5.538668586789232e-07,0.0038271870901436314,1.0000000000000002,25.000000000000114
0,6326.740000000016,6326.740000000016,5.985446419125504e-08,1.3694750714045545e-07,0.0005955800169028866,1.0000000000000002,25.000000000000114
0,6326.745000000016,6326.745000000016,6.014437697449984e-08,1.5822468407020531e-07,0.0007577165036330483,1.0000000000000002,25.000000000000114
0,6326.750000000016,6326.750000000016,5.991694898892448e-08,2.247652416356454e-07,0.0012735305958235538,1.0000000000000002,25.000000000000114
0,6326.7550000000165,6326.7550000000165,6.063530848174765e-08,5.762022417649119e-07,0.003982997052557531,1.0000000000000002,25.000000000000114
0,6326.760000000017,6326.760000000017,6.197746538635882e-08,-2.7960083186556586e-07,-0.0026388530049983,1.0000000000000002,25.000000000000114
0,6326.765000000017,6326.765000000017,6.367062257011676e-08,-6.057729850328401e-08,-0.0009598736293468884,1.0000000000000002,25.000000000000114
0,6326.770000000017,6326.770000000017,6.619570181163183e-08,-4.9925025852458236e-08,-0.0008970872376969982,1.0000000000000002,25.000000000000114
0,6326.775000000017,6326.775000000017,7.001936469516645e-08,1.848051172791944e-07,0.0008867739273082482,1.0000000000000002,25.000000000000114
0,6326.780000000017,6326.780000000017,7.282564398029301e-08,-3.472625413504209e-07,-0.003245378816929479,1.0000000000000002,25.000000000000114
0,6326.785000000017,6326.785000000017,7.367762241399378e-08,-5.4127085696971395e-08,-0.0009873514821195236,1.0000000000000002,25.000000000000114
0,6326.790000000017,6326.790000000017,7.548706910510385e-08,4.286566973462608e-07,0.0027284014887835736,1.0000000000000002,25.000000000000114
0,6326.795000000017,6326.795000000017,7.889494012336008e-08,6.304743114183254e-08,-0.00012242946063636614,1.0000000000000002,25.000000000000114
0,6326.8000000000175,6326.8000000000175,8.405409815044632e-08,-6.71218034433014e-08,-0.0011679049442352724,1.0000000000000002,25.000000000000114
0,6326.805000000018,6326.805000000018,9.600544694660026e-08,-1.7199411845888206e-07,-0.0020704226942934397,1.0000000000000002,25.000000000000114
0,6326.810000000018,6326.810000000018,2.061981928659835e-07,2.943995661413243e-07,0.0006813970933901254,1.0000000000000002,25.000000000000114
0,6326.815000000018,6326.815000000018,1.240838315250701e-06,1.415287070388711e-06,0.0013476986840725176,1.0000000000000002,25.000000000000114
0,6326.820000000018,6326.820000000018,4.931518665364029e-06,5.082703088389949e-06,0.0011679707763067961,1.0000000000000002,25.000000000000114
0,6326.825000000018,6326.825000000018,8.489234399166333e-06,9.222626563266972e-06,0.0056657994130459195,1.0000000000000002,25.000000000000114
0,6326.830000000018,6326.830000000018,7.063038968138635e-06,6.632944338703224e-06,-0.0033226833040923497,1.0000000000000002,25.000000000000114
0,6326.835000000018,6326.835000000018,3.4241444809472543e-06,3.7299448587135392e-06,0.002362451749102246,1.0000000000000002,25.000000000000114
0,6326.840000000018,6326.840000000018,9.67967020146836e-07,4.884059399408899e-07,-0.00370483490245972,1.0000000000000002,25.000000000000114
0,6326.845000000018,6326.845000000018,2.207890320013557e-07,7.607644766404432e-07,0.0041715642831377815,1.0000000000000002,25.000000000000114
0,6326.850000000019,6326.850000000019,1.2902318990101007e-07,4.184501964518326e-07,0.0022359597553734717,1.0000000000000002,25.000000000000114
0,6326.855000000019,6326.855000000019,1.2643837063136221e-07,1.2715325768730914e-07,5.522838748823075e-06,1.0000000000000002,25.000000000000114
0,6326.860000000019,6326.860000000019,1.3030303407460567e-07,1.4777430297925513e-07,0.00013497376976548468,1.0000000000000002,25.000000000000114
0,6326.865000000019,6326.865000000019,1.3554519197567826e-07,7.914604048147715e-07,0.005067253523861835,1.0000000000000002,25.000000000000114
0,6326.870000000019,6326.870000000019,1.4170537848324509e-07,-4.314107781778431e-08,-0.0014280258160356814,1.0000000000000002,25.000000000000114
0,6326.875000000019,6326.875000000019,1.4866462594200168e-07,1.74129355889057e-07,0.0001967270159810439,1.0000000000000002,25.000000000000114
0,6326.880000000019,6326.880000000019,1.5647962604384875e-07,2.7058084788967924e-07,0.0008814856053919006,1.0000000000000002,25.000000000000114
0,6326.885000000019,6326.885000000019,1.6549807933506187e-07,5.606655218738631e-07,0.0030528543575820896,1.0000000000000002,25.000000000000114
0,6326.890000000019,6326.890000000019,1.7562831136066454e-07,-1.523154477855426e-07,-0.0025335197852314113,1.0000000000000002,25.000000000000114
0,6326.8950000000195,6326.8950000000195,1.8570581002836907e-07,1.0407292643317284e-08,-0.0013542634971100585,1.0000000000000002,25.000000000000114
0,6326.90000000002,6326.90000000002,1.9622954141493995e-07,3.7198478713386035e-07,0.0013577919383078554,1.0000000000000002,25.000000000000114
0,6326.90500000002,6326.90500000002,2.083764544043873e-07,-3.378225997834435e-08,-0.001870789966096992,1.0000000000000002,25.000000000000114
0,6326.91000000002,6326.91000000002,2.2210240826883752e-07,3.583659706565353e-07,0.001052700109964388,1.0000000000000002,25.000000000000114
0,6326.91500000002,6326.91500000002,2.3734294014664944e-07,6.277513599055527e-07,0.003016088668237585,1.0000000000000002,25.000000000000114
0,6326.92000000002,6326.92000000002,2.542702928525148e-07,8.532311511569985e-08,-0.0013051964110236338,1.0000000000000002,25.000000000000114
0,6326.92500000002,6326.92500000002,2.731332764405292e-07,4.415340179396416e-07,0.0013009749340752962,1.0000000000000002,25.000000000000114
0,6326.93000000002,6326.93000000002,2.942333891375134e-07,1.1740083860767068e-07,-0.0013661146246742694,1.0000000000000002,25.000000000000114
0,6326.93500000002,6326.93500000002,3.179453423283543e-07,2.620353419428434e-07,-0.0004319310498171006,1.0000000000000002,25.000000000000114
0,6326.9400000000205,6326.9400000000205,3.4488586312223547e-07,3.903060203784657e-07,0.00035089207782630335,1.0000000000000002,25.000000000000114
0,6326.945000000021,6326.945000000021,3.7663726755063447e-07,1.0539836040617438e-07,-0.002095448132826537,1.0000000000000002,25.000000000000114
0,6326.950000000021,6326.950000000021,4.1459322915305755e-07,3.4278654605715983e-07,-0.0005547404006373904,1.0000000000000002,25.000000000000114
0,6326.955000000021,6326.955000000021,4.551699471512931e-07,8.021790033910227e-07,0.002680808172494849,1.0000000000000002,25.000000000000114
0,6326.960000000021,6326.960000000021,4.983005287758585e-07,2.0900998075904488e-07,-0.0022349055490160307,1.0000000000000002,25.000000000000114
0,6326.965000000021,6326.965000000021,5.497568292202547e-07,2.277251878105568e-07,-0.0024878458949977333,1.0000000000000002,25.000000000000114
0,6326.970000000021,6326.970000000021,6.144375485081687e-07,7.765024422603351e-07,0.00125202753021284,1.0000000000000002,25.000000000000114
0,6326.975000000021,6326.975000000021,7.173987092652813e-07,1.0303059165432297e-06,0.0024173553497224935,1.0000000000000002,25.000000000000114
0,6326.980000000021,6326.980000000021,1.0200671515154644e-06,6.432002744136533e-07,-0.0029114738820510224,1.0000000000000002,25.000000000000114
0,6326.9850000000215,6326.9850000000215,1.8566377632481538e-06,1.827613886799016e-06,-0.00022422309672683722,1.0000000000000002,25.000000000000114
0,6326.990000000022,6326.990000000022,2.638442155670252e-06,2.5678132288190202e-06,-0.0005456416796987456,1.0000000000000002,25.000000000000114
0,6326.995000000022,6326.995000000022,2.2214496793347965e-06,2.1174140506302855e-06,-0.000803724164100825,1.0000000000000002,25.000000000000114
0,6327.000000000022,6327.000000000022,1.6343575475660391e-06,2.0779682403650905e-06,0.0034271012507530096,1.0000000000000002,25.000000000000114
0,6327.005000000022,6327.005000000022,1.6668849338348132e-06,1.4871813143738379e-06,-0.001388294982552477,1.0000000000000002,25.000000000000114
0,6327.010000000022,6327.010000000022,1.9927723966677157e-06,2.1226761619895753e-06,0.0010035676863491116,1.0000000000000002,25.000000000000114
0,6327.015000000022,6327.015000000022,2.4686516487793378e-06,2.5702014644640125e-06,0.0007845200893395383,1.0000000000000002,25.000000000000114
0,6327.020000000022,6327.020000000022,3.1455154228757275e-06,2.8453082832285547e-06,-0.002319241353895538,1.0000000000000002,25.000000000000114
0,6327.025000000022,6327.025000000022,4.15588514891382e-06,4.202599729078589e-06,0.0003608921036166325,1.0000000000000002,25.000000000000114
0,6327.0300000000225,6327.0300000000225,5.774559002274631e-06,5.929641835248835e-06,0.0011980878267444479,1.0000000000000002,25.000000000000114
0,6327.035000000023,6327.035000000023,8.695199809506238e-06,8.837674693872679e-06,0.0011006854936977378,1.0000000000000002,25.000000000000114
0,6327.040000000023,6327.040000000023,1.7378925483452375e-05,1.738916222720503e-05,7.908366026301881e-05,1.0000000000000002,25.000000000000114
0,6327.045000000023,6327.045000000023,0.00012141769356141484,0.00012113282817587334,-0.002200719087553005,1.0000000000000002,25.000000000000114
0,6327.050000000023,6327.050000000023,0.0013231730054179948,0.0013228728847225434,-0.0023185735318249543,1.0000000000000002,25.000000000000114
0,6327.055000000023,6327.055000000023,0.006682786073034153,0.006682826238106991,0.0003102940790066975,1.0000000000000002,25.000000000000114
0,6327.060000000023,6327.060000000023,0.012943957212136621,0.012944195701880134,0.0018424454404539908,1.0000000000000002,25.000000000000114
0,6327.065000000023,6327.065000000023,0.009344267845563137,0.009344283261186758,0.0001190929430951705,1.0000000000000002,25.000000000000114
0,6327.070000000023,6327.070000000023,0.002547106452515365,0.002547471846407297,0.0028228396753845397,1.0000000000000002,25.000000000000114
0,6327.0750000000235,6327.0750000000235,0.00028790166992022625,0.0002878120280096575,-0.0006925259215273196,1.0000000000000002,25.000000000000114
0,6327.080000000024,6327.080000000024,2.8135753638306123e-05,2.746100667851879e-05,-0.005212737626404438,1.0000000000000002,25.000000000000114
0,6327.085000000024,6327.085000000024,1.036270933733819e-05,1.0966783061534899e-05,0.004666753640853612,1.0000000000000002,25.000000000000114
0,6327.090000000024,6327.090000000024,6.561136495979195e-06,6.8100591066746794e-06,0.001923044246459658,1.0000000000000002,25.000000000000114
0,6327.095000000024,6327.095000000024,4.617242628441683e-06,4.6925471494333296e-06,0.0005817628435632224,1.0000000000000002,25.000000000000114
0,6327.100000000024,6327.100000000024,3.4417496976496016e-06,3.4479800624642792e-06,4.8132498597596735e-05,1.0000000000000002,25.000000000000114
0,6327.105000000024,6327.105000000024,2.670538410277508e-06,2.9427496214948105e-06,0.0021029596391049913,1.0000000000000002,25.000000000000114
0,6327.110000000024,6327.110000000024,2.1352115707679736e-06,2.1057363074806274e-06,-0.00022771027235832792,1.0000000000000002,25.000000000000114
0,6327.115000000024,6327.115000000024,1.7476191557688473e-06,1.4367383800400774e-06,-0.002401700212888582,1.0000000000000002,25.000000000000114
0,6327.120000000024,6327.120000000024,1.4575848683207485e-06,1.473830232267381e-06,0.000125503077369827,1.0000000000000002,25.000000000000114
0,6327.125000000025,6327.125000000025,1.2347052421176029e-06,1.5309870356856434e-06,0.002288916209177878,1.0000000000000002,25.000000000000114
0,6327.130000000025,6327.130000000025,1.0596961668903371e-06,1.0875235443918597e-06,0.00021497957959242426,1.0000000000000002,25.000000000000114
0,6327.135000000025,6327.135000000025,9.201607367396068e-07,7.359497290571752e-07,-0.0014231166765786385,1.0000000000000002,25.000000000000114
0,6327.140000000025,6327.140000000025,8.076163090350571e-07,9.618181377880232e-07,0.0011912816547618207,1.0000000000000002,25.000000000000114
0,6327.145000000025,6327.145000000025,7.141563068639923e-07,1.0583559798885441e-06,0.0026591043657857943,1.0000000000000002,25.000000000000114
0,6327.150000000025,6327.150000000025,6.359772271838549e-07,4.277080606888823e-07,-0.0016089772689756358,1.0000000000000002,25.000000000000114
0,6327.155000000025,6327.155000000025,5.764378249140602e-07,9.242318151556744e-07,0.0026868721568470825,1.0000000000000002,25.000000000000114
0,6327.160000000025,6327.160000000025,5.305902967008161e-07,4.835656876135455e-07,-0.00036328722286267895,1.0000000000000002,25.000000000000114
0,6327.165000000025,6327.165000000025,4.788914506569263e-07,3.6976723799080196e-07,-0.0008430358685806501,1.0000000000000002,25.000000000000114
0,6327.1700000000255,6327.1700000000255,4.2598968722778833e-07,8.549306501562639e-07,0.0033137706877080994,1.0000000000000002,25.000000000000114
0,6327.175000000026,6327.175000000026,3.855580228263077e-07,3.4978232669275804e-07,-0.0002763840794554215,1.0000000000000002,25.000000000000114
0,6327.180000000026,6327.180000000026,3.533211850380783e-07,2.1201798929993442e-07,-0.0010916336479494025,1.0000000000000002,25.000000000000114
0,6327.185000000026,6327.185000000026,3.253702731731361e-07,6.363349815479029e-07,0.0024023486320559834,1.0000000000000002,25.000000000000114
0,6327.190000000026,6327.190000000026,3.00648884186623e-07,1.7253505934782948e-08,-0.0021893625898338136,1.0000000000000002,25.000000000000114
0,6327.195000000026,6327.195000000026,2.786876475726698e-07,-1.1033488384672393e-07,-0.003005382028972944,1.0000000000000002,25.000000000000114
0,6327.200000000026,6327.200000000026,2.593021389491395e-07,3.3190119660682615e-07,0.0005608618668144958,1.0000000000000002,25.000000000000114
0,6327.205000000026,6327.205000000026,2.424111889514306e-07,5.123983513527564e-07,0.002085777815937304,1.0000000000000002,25.000000000000114
0,6327.210000000026,6327.210000000026,2.2686096595608978e-07,6.24330058676438e-07,0.003070635687798015,1.0000000000000002,25.000000000000114
0,6327.2150000000265,6327.2150000000265,2.1213883411715283e-07,2.8395383997893747e-08,-0.0014195045744910247,1.0000000000000002,25.000000000000114
0,6327.220000000027,6327.220000000027,2.0083878799503878e-07,-1.0564140202944463e-07,-0.0023677036185413003,1.0000000000000002,25.000000000000114
0,6327.225000000027,6327.225000000027,1.9370934709233683e-07,3.26560167252461e-07,0.001026335071099301,1.0000000000000002,25.000000000000114
0,6327.230000000027,6327.230000000027,1.8339941980980828e-07,-2.049368581097682e-07,-0.003000080397912795,1.0000000000000002,25.000000000000114
0,6327.235000000027,6327.235000000027,1.687447298898884e-07,2.784611440451205e-07,0.0008476109036214267,1.0000000000000002,25.000000000000114
0,6327.240000000027,6327.240000000027,1.5698750524124513e-07,1.391794600294074e-07,-0.00013757552513866213,1.0000000000000002,25.000000000000114
0,6327.245000000027,6327.245000000027,1.4819534811346282e-07,3.7262720668609986e-07,0.0017338416672736064,1.0000000000000002,25.000000000000114
0,6327.250000000027,6327.250000000027,1.4047900621144e-07,-2.1028229724668429e-07,-0.0027097960470975923,1.0000000000000002,25.000000000000114
0,6327.255000000027,6327.255000000027,1.3337961570686768e-07,3.59940253187579e-07,0.0017502874855932805,1.0000000000000002,25.000000000000114
0,6327.2600000000275,6327.2600000000275,1.268121978091389e-07,3.9268584992807826e-08,-0.0006763155844716983,1.0000000000000002,25.000000000000114
0,6327.265000000028,6327.265000000028,1.207248216380088e-07,2.0261554069829615e-07,0.0006326443214111231,1.0000000000000002,25.000000000000114
0,6327.270000000028,6327.270000000028,1.1507407900823451e-07,4.845980430934162e-08,-0.0005146266035611406,1.0000000000000002,25.000000000000114
0,6327.275000000028,6327.275000000028,1.0983690424847595e-07,2.2582748159417675e-07,0.0008960817652722391,1.0000000000000002,25.000000000000114
0,6327.280000000028,6327.280000000028,1.0519377348526449e-07,-1.7028529292617935e-07,-0.002128205357490313,1.0000000000000002,25.000000000000114
0,6327.285000000028,6327.285000000028,1.0263972154476641e-07,4.373624737073057e-08,-0.0004550570427908484,1.0000000000000002,25.000000000000114
0,6327.290000000028,6327.290000000028,1.083518871864465e-07,-2.517479482669254e-07,-0.0027819405990676402,1.0000000000000002,25.000000000000114
0,6327.295000000028,6327.295000000028,1.303393711088784e-07,1.0251946696172882e-07,-0.0002149218444148581,1.0000000000000002,25.000000000000114
0,6327.300000000028,6327.300000000028,1.44503920954784e-07,2.399102559968744e-07,0.0007370588118366653,1.0000000000000002,25.000000000000114
0,6327.3050000000285,6327.3050000000285,1.2199452247546152e-07,1.3369099642191364e-08,-0.0008391824825198865,1.0000000000000002,25.000000000000114
0,6327.310000000029,6327.310000000029,9.330026656315156e-08,5.933343525119262e-07,0.0038629985011439916,1.0000000000000002,25.000000000000114
0,6327.315000000029,6327.315000000029,8.015013924584557e-08,9.518637282359432e-08,0.00011616197656502324,1.0000000000000002,25.000000000000114
0,6327.320000000029,6327.320000000029,7.545643216821075e-08,2.637277233599672e-07,0.0014544842764113199,1.0000000000000002,25.000000000000114
0,6327.325000000029,6327.325000000029,7.251417064686125e-08,2.6939626778028487e-07,0.0015210068023371018,1.0000000000000002,25.000000000000114
0,6327.330000000029,6327.330000000029,6.986035857739735e-08,1.2315337118507367e-07,0.0004117135883532381,1.0000000000000002,25.000000000000114
0,6327.335000000029,6327.335000000029,6.736045193335669e-08,-1.1497919498359654e-07,-0.0014086595344851636,1.0000000000000002,25.000000000000114
0,6327.340000000029,6327.340000000029,6.499663361263927e-08,2.9573141883630006e-07,0.0017825347401858793,1.0000000000000002,25.000000000000114
0,6327.345000000029,6327.345000000029,6.27579434576216e-08,8.747828192457063e-08,0.00019097624167841056,1.0000000000000002,25.000000000000114
0,6327.3500000000295,6327.3500000000295,6.063515719086017e-08,-2.5295510124766314e-07,-0.0024226322412057985,1.0000000000000002,25.000000000000114
0,6327.35500000003,6327.35500000003,5.862013040593771e-08,-2.537990282116721e-07,-0.00241358494427144,1.0000000000000002,25.000000000000114
0,6327.36000000003,6327.36000000003,5.6705534077183696e-08,-2.323440835883547e-07,-0.0022330442487326903,1.0000000000000002,25.000000000000114
0,6327.36500000003,6327.36500000003,5.4884709292366876e-08,-2.3781051935539635e-07,-0.002261208308255487,1.0000000000000002,25.000000000000114
0,6327.37000000003,6327.37000000003,5.3151572178268626e-08,2.1769113760877246e-07,0.0012711455328708033,1.0000000000000002,25.000000000000114
0,6327.37500000003,6327.37500000003,5.1500544025767694e-08,-2.9099833593318964e-07,-0.0026459649393991294,1.0000000000000002,25.000000000000114
0,6327.38000000003,6327.38000000003,4.9926499908100856e-08,1.5663185774724548e-07,0.0008243490773524521,1.0000000000000002,25.000000000000114
0,6327.38500000003,6327.38500000003,4.842470858312288e-08,3.7465027976681585e-07,0.0025202459750844845,1.0000000000000002,25.000000000000114
0,6327.39000000003,6327.39000000003,4.699081448211439e-08,5.2703640795929436e-09,-0.0003223101022527154,1.0000000000000002,25.000000000000114
0,6327.39500000003,6327.39500000003,4.5620791349910566e-08,-2.8306816850602175e-07,-0.0025392768112134654,1.0000000000000002,25.000000000000114
0,6327.400000000031,6327.400000000031,4.4310916647214856e-08,1.7823089115000237e-07,0.0010345947912649045,1.0000000000000002,25.000000000000114
0,6327.405000000031,6327.405000000031,4.3057746042087286e-08,4.819604982858218e-07,0.0033907301956195264,1.0000000000000002,25.000000000000114
0,6327.410000000031,6327.410000000031,4.1858097805462315e-08,9.350315830783929e-08,0.00039898238323819203,1.0000000000000002,25.000000000000114
0,6327.415000000031,6327.415000000031,4.0709029027289896e-08,4.583572352862873e-07,0.003226528830975063,1.0000000000000002,25.000000000000114
0,6327.420000000031,6327.420000000031,3.960782890145629e-08,3.12313251319661e-08,-6.471243144348864e-05,1.0000000000000002,25.000000000000114
0,6327.425000000031,6327.425000000031,3.855201491561853e-08,5.267053741494764e-08,0.00010907222684587813,1.0000000000000002,25.000000000000114
0,6327.430000000031,6327.430000000031,3.753934081819988e-08,-5.39374336077376e-07,-0.004456929500932836,1.0000000000000002,25.000000000000114
0,6327.435000000031,6327.435000000031,3.656782692838643e-08,3.0361318707762477e-07,0.002063051009885846,1.0000000000000002,25.000000000000114
0,6327.440000000031,6327.440000000031,3.563583552825866e-08,2.4689018137044486e-07,0.0016320391834890263,1.0000000000000002,25.000000000000114
0,6327.4450000000315,6327.4450000000315,3.4742250614061334e-08,-3.030740094178177e-08,-0.0005025391538726094,1.0000000000000002,25.000000000000114
0,6327.450000000032,6327.450000000032,3.3886936401553965e-08,5.162954768900804e-07,0.0037268328724237142,1.0000000000000002,25.000000000000114
0,6327.455000000032,6327.455000000032,3.3072170862454156e-08,-3.355810296242224e-07,-0.002848019366959431,1.0000000000000002,25.000000000000114
0,6327.460000000032,6327.460000000032,3.2314325261372313e-08,-3.411515197581311e-07,-0.002885199309565891,1.0000000000000002,25.000000000000114
0,6327.465000000032,6327.465000000032,3.193459522470518e-08,-6.113963303656254e-08,-0.0007190421900663071,1.0000000000000002,25.000000000000114
0,6327.470000000032,6327.470000000032,3.6418355027216525e-08,-8.097653702735566e-08,-0.000906930756906902,1.0000000000000002,25.000000000000114
0,6327.475000000032,6327.475000000032,6.547504670997079e-08,-5.815455535639087e-08,-0.0009550968241959179,1.0000000000000002,25.000000000000114
0,6327.480000000032,6327.480000000032,1.1504490432264008e-07,1.9681890658916037e-08,-0.0007367241338129076,1.0000000000000002,25.000000000000114
0,6327.485000000032,6327.485000000032,1.063523088557202e-07,-1.604067755707595e-07,-0.002060839395279949,1.0000000000000002,25.000000000000114
0,6327.4900000000325,6327.4900000000325,5.4478815890709306e-08,-1.9177356433467242e-07,-0.0019024154601557344,1.0000000000000002,25.000000000000114
0,6327.495000000033,6327.495000000033,3.094563366995769e-08,3.904204837254695e-07,0.0027771122929120917,1.0000000000000002,25.000000000000114
0,6327.500000000033,6327.500000000033,2.7059981896408062e-08,2.505208357206476e-07,0.0017263401988876145,1.0000000000000002,25.000000000000114
0,6327.505000000033,6327.505000000033,2.624868567540802e-08,5.510019246166144e-07,0.004053965584474177,1.0000000000000002,25.000000000000114
0,6327.510000000033,6327.510000000033,2.565045888831138e-08,7.724312739819443e-08,0.0003985776304540054,1.0000000000000002,25.000000000000114
0,6327.515000000033,6327.515000000033,2.5089210168499488e-08,-8.930682002850618e-08,-0.0008837631385655713,1.0000000000000002,25.000000000000114
0,6327.520000000033,6327.520000000033,2.4552328538140693e-08,2.2183461853010508e-07,0.001524098480396965,1.0000000000000002,25.000000000000114
0,6327.525000000033,6327.525000000033,2.403574813389072e-08,-3.4960031403417903e-07,-0.002886514317098894,1.0000000000000002,25.000000000000114
0,6327.530000000033,6327.530000000033,2.3537277539205057e-08,2.4863181251206994e-07,0.001738961154150119,1.0000000000000002,25.000000000000114
0,6327.5350000000335,6327.5350000000335,2.3055482961831642e-08,3.077733862296693e-08,5.965496689774009e-05,1.0000000000000002,25.000000000000114
0,6327.540000000034,6327.540000000034,2.258929864098401e-08,4.850913983332589e-07,0.0035730462544312186,1.0000000000000002,25.000000000000114
0,6327.545000000034,6327.545000000034,2.2137862165057332e-08,6.318001520614757e-07,0.004709927939422805,1.0000000000000002,25.000000000000114
0,6327.550000000034,6327.550000000034,2.170043610454683e-08,6.807723969492535e-08,0.00035828262070885044,1.0000000000000002,25.000000000000114
0,6327.555000000034,6327.555000000034,2.1276367114129917e-08,-3.040200158046963e-08,-0.0003992397046893636,1.0000000000000002,25.000000000000114
0,6327.560000000034,6327.560000000034,2.0865062910576742e-08,4.986344782048855e-07,0.003690993448321499,1.0000000000000002,25.000000000000114
0,6327.565000000034,6327.565000000034,2.046597842949519e-08,-1.5129705281248397e-07,-0.0013269502037660842,1.0000000000000002,25.000000000000114
0,6327.570000000034,6327.570000000034,2.007860698063248e-08,-1.8698884603576936e-07,-0.0015996934671369766,1.0000000000000002,25.000000000000114
0,6327.575000000034,6327.575000000034,1.9702474275097047e-08,-3.776157547389358e-07,-0.0030694701947091446,1.0000000000000002,25.000000000000114
0,6327.5800000000345,6327.5800000000345,1.9337134177908953e-08,3.9244137707105045e-07,0.0028824057630629646,1.0000000000000002,25.000000000000114
0,6327.585000000035,6327.585000000035,1.8982165544288156e-08,-4.295914253928386e-08,-0.0004785257385638498,1.0000000000000002,25.000000000000114
0,6327.590000000035,6327.590000000035,1.863716673212443e-08,-2.0603761351851866e-07,-0.0017357183514925478,1.0000000000000002,25.000000000000114
0,6327.595000000035,6327.595000000035,1.8301766274111894e-08,-8.772332377461819e-08,-0.0008190936887127719,1.0000000000000002,25.000000000000114
0,6327.600000000035,6327.600000000035,1.7975601387145207e-08,9.522200292425593e-08,0.0005967647841255269,1.0000000000000002,25.000000000000114
0,6327.605000000035,6327.605000000035,1.765833049669817e-08,-4.119330703491223e-07,-0.0033187956265480646,1.0000000000000002,25.000000000000114
0,6327.610000000035,6327.610000000035,1.7349628341255797e-08,7.938527363712916e-08,0.0004792545378996606,1.0000000000000002,25.000000000000114
0,6327.615000000035,6327.615000000035,1.7049184907156734e-08,1.1232814191978738e-07,0.0007360747566478113,1.0000000000000002,25.000000000000114
0,6327.620000000035,6327.620000000035,1.6756704475932994e-08,3.6159427738570863e-07,0.0026640324424304575,1.0000000000000002,25.000000000000114
0,6327.6250000000355,6327.6250000000355,1.6471904764828637e-08,3.8070677464826335e-07,0.0028138856849215426,1.0000000000000002,25.000000000000114
0,6327.630000000036,6327.630000000036,1.6194516142621695e-08,5.437926023975477e-07,0.004075943368024733,1.0000000000000002,25.000000000000114
0,6327.635000000036,6327.635000000036,1.5924280911670476e-08,1.6341885245455066e-07,0.0011394649381070213,1.0000000000000002,25.000000000000114
0,6327.640000000036,6327.640000000036,1.566095264539302e-08,1.1567835049906571e-07,0.0007726814408340971,1.0000000000000002,25.000000000000114
0,6327.645000000036,6327.645000000036,1.5404295575962835e-08,2.323274683633991e-07,0.0016758335379302737,1.0000000000000002,25.000000000000114
0,6327.650000000036,6327.650000000036,1.515408402524394e-08,1.7186534892397493e-07,0.001210668229281861,1.0000000000000002,25.000000000000114
0,6327.655000000036,6327.655000000036,1.4910101874454648e-08,-1.35365357748437e-07,-0.001160948606494448,1.0000000000000002,25.000000000000114
0,6327.660000000036,6327.660000000036,1.4672142069832572e-08,-2.433606780183428e-07,-0.0019934248989351756,1.0000000000000002,25.000000000000114
0,6327.665000000036,6327.665000000036,1.4440006159333162e-08,1.5394157483928827e-07,0.0010777152315434525,1.0000000000000002,25.000000000000114
0,6327.670000000036,6327.670000000036,1.4213503859939211e-08,-3.603925884610714e-07,-0.0028940082562765907,1.0000000000000002,25.000000000000114
0,6327.675000000037,6327.675000000037,1.3992452649198017e-08,-6.847775930523493e-07,-0.005398327264165603,1.0000000000000002,25.000000000000114
0,6327.680000000037,6327.680000000037,1.3776677384280547e-08,7.304334242051451e-08,0.00045786286302535985,1.0000000000000002,25.000000000000114
0,6327.685000000037,6327.685000000037,1.3566009941523021e-08,6.467537697792445e-08,0.00039484389925422585,1.0000000000000002,25.000000000000114
0,6327.690000000037,6327.690000000037,1.336028887798822e-08,9.639836336876932e-09,-2.8742245766346805e-05,1.0000000000000002,25.000000000000114
0,6327.695000000037,6327.695000000037,1.3159359112130057e-08,-1.0748856678034589e-07,-0.0009320619733441757,1.0000000000000002,25.000000000000114
0,6327.700000000037,6327.700000000037,1.2963071622709641e-08,1.9405021090405334e-07,0.0013989833238927385,1.0000000000000002,25.000000000000114
0,6327.705000000037,6327.705000000037,1.2771283164977347e-08,-1.104608276677174e-07,-0.0009520260174588938,1.0000000000000002,25.000000000000114
0,6327.710000000037,6327.710000000037,1.2583856001492388e-08,-5.287807863891386e-07,-0.004182296489166941,1.0000000000000002,25.000000000000114
0,6327.715000000037,6327.715000000037,1.2400657648898906e-08,-3.254935551812569e-08,-0.00034725999360853024,1.0000000000000002,25.000000000000114
0,6327.7200000000375,6327.7200000000375,1.222156063742264e-08,1.2869705754060274e-07,0.000899827996931954,1.0000000000000002,25.000000000000114
0,6327.725000000038,6327.725000000038,1.2046442284396104e-08,3.6257558720049465e-07,0.002708002513166457,1.0000000000000002,25.000000000000114
0,6327.730000000038,6327.730000000038,1.1875184478350704e-08,-3.322893685701307e-08,-0.0003484505516925431,1.0000000000000002,25.000000000000114
0,6327.735000000038,6327.735000000038,1.170767347560679e-08,-6.99167095211554e-08,-0.0006305867500512706,1.0000000000000002,25.000000000000114
0,6327.740000000038,6327.740000000038,1.1543799707214113e-08,-4.3941452406727865e-07,-0.003483865155940059,1.0000000000000002,25.000000000000114
0,6327.745000000038,6327.745000000038,1.13834575953089e-08,9.968508731250314e-08,0.0006821716215582904,1.0000000000000002,25.000000000000114
0,6327.750000000038,6327.750000000038,1.1226545379868117e-08,-1.8060041555514777e-08,-0.00022625265879693893,1.0000000000000002,25.000000000000114
0,6327.755000000038,6327.755000000038,1.1072964953225216e-08,1.12928399138477e-08,1.6986374873067497e-06,1.0000000000000002,25.000000000000114
0,6327.760000000038,6327.760000000038,1.0922621703353345e-08,1.1267651822337684e-07,0.0007860967097804603,1.0000000000000002,25.000000000000114
0,6327.7650000000385,6327.7650000000385,1.0775424365767e-08,-2.3595546487221022e-07,-0.0019061121673410715,1.0000000000000002,25.000000000000114
0,6327.770000000039,6327.770000000039,1.0631284881009039e-08,-3.38522737704627e-07,-0.0026973790463854135,1.0000000000000002,25.000000000000114
0,6327.775000000039,6327.775000000039,1.0490118260869508e-08,1.867858961941403e-07,0.0013619678038988856,1.0000000000000002,25.000000000000114
0,6327.780000000039,6327.780000000039,1.0351842460116555e-08,1.4799222896546488e-07,0.0010633367238518819,1.0000000000000002,25.000000000000114
0,6327.785000000039,6327.785000000039,1.0216378254787448e-08,-5.476420077675663e-07,-0.004309718416427567,1.0000000000000002,25.000000000000114
0,6327.790000000039,6327.790000000039,1.0083649126512322e-08,-6.207580768879885e-08,-0.0005574657435442672,1.0000000000000002,25.000000000000114
0,6327.795000000039,6327.795000000039,9.95358115175601e-09,6.998875817486615e-08,0.00046379997958768564,1.0000000000000002,25.000000000000114
0,6327.800000000039,6327.800000000039,9.82610289698703e-09,2.864708052421322e-07,0.0021372104433260595,1.0000000000000002,25.000000000000114
0,6327.805000000039,6327.805000000039,9.701145318648018e-09,5.3977943760760696e-08,0.00034205909321721327,1.0000000000000002,25.000000000000114
0,6327.8100000000395,6327.8100000000395,9.578641667072045e-09,-5.620051440554822e-07,-0.0044157535847478896,1.0000000000000002,25.000000000000114
0,6327.81500000004,6327.81500000004,9.458527396032137e-09,2.6296880893442725e-08,0.00013008420055766638,1.0000000000000002,25.000000000000114
0,6327.82000000004,6327.82000000004,9.340740075649868e-09,5.339589473911244e-07,0.004052922401654312,1.0000000000000002,25.000000000000114
0,6327.82500000004,6327.82500000004,9.22521930946931e-09,2.983371965155917e-07,0.0022335260055140324,1.0000000000000002,25.000000000000114
0,6327.83000000004,6327.83000000004,9.111906655261913e-09,4.273157386128531e-07,0.003230821300830977,1.0000000000000002,25.000000000000114
0,6327.83500000004,6327.83500000004,9.000745549735004e-09,3.002481369786683e-07,0.002250023084760916,1.0000000000000002,25.000000000000114
0,6327.84000000004,6327.84000000004,8.891681236221062e-09,1.5300495009041647e-07,0.0011133427844671963,1.0000000000000002,25.000000000000114
0,6327.84500000004,6327.84500000004,8.784660695802687e-09,1.5618033877073401e-07,0.0011387009395533337,1.0000000000000002,25.000000000000114
0,6327.85000000004,6327.85000000004,8.679632581302918e-09,6.889447110807079e-08,0.0004651879492058491,1.0000000000000002,25.000000000000114
0,6327.8550000000405,6327.8550000000405,8.576547154673683e-09,-3.631245065924954e-07,-0.0028715654669310953,1.0000000000000002,25.000000000000114
0,6327.860000000041,6327.860000000041,8.475356226165611e-09,-1.8748027647460228e-07,-0.0015138494288394102,1.0000000000000002,25.000000000000114
0,6327.865000000041,6327.865000000041,8.376013097310767e-09,-2.910152292970305e-08,-0.00028953159307974795,1.0000000000000002,25.000000000000114
0,6327.870000000041,6327.870000000041,8.278472505562872e-09,3.711812434112117e-08,0.00022279987493830427,1.0000000000000002,25.000000000000114
0,6327.875000000041,6327.875000000041,8.18269057140869e-09,-5.42278589606819e-08,-0.0004821508494577652,1.0000000000000002,25.000000000000114
0,6327.880000000041,6327.880000000041,8.088624748140049e-09,2.167361726413779e-07,0.0016119004432460177,1.0000000000000002,25.000000000000114
0,6327.885000000041,6327.885000000041,7.996233773342165e-09,-3.8734065565035296e-08,-0.0003610135416261508,1.0000000000000002,25.000000000000114
0,6327.890000000041,6327.890000000041,7.905477622477871e-09,5.517387399284306e-07,0.004201367739109208,1.0000000000000002,25.000000000000114
0,6327.895000000041,6327.895000000041,7.816317464798003e-09,-1.353343538289397e-07,-0.0011059062655622953,1.0000000000000002,25.000000000000114
0,6327.9000000000415,6327.9000000000415,7.728715620443912e-09,-2.1496059418826837e-07,-0.0017203796584778677,1.0000000000000002,25.000000000000114
0,6327.905000000042,6327.905000000042,7.64263551999743e-09,1.9701835485845612e-07,0.0014630165033038863,1.0000000000000002,25.000000000000114
0,6327.910000000042,6327.910000000042,7.558041665173702e-09,-4.0646792569679294e-09,-8.979098578101256e-05,1.0000000000000002,25.000000000000114
0,6327.915000000042,6327.915000000042,7.474899591392278e-09,3.899256143052275e-07,0.0029546116539190194,1.0000000000000002,25.000000000000114
0,6327.920000000042,6327.920000000042,7.3931758317919765e-09,-2.3418676765865468e-08,-0.00023803605343499288,1.0000000000000002,25.000000000000114
0,6327.925000000042,6327.925000000042,7.312837882602543e-09,4.328120353900058e-08,0.00027787254214005477,1.0000000000000002,25.000000000000114
0,6327.930000000042,6327.930000000042,7.233854170324331e-09,1.948739386464305e-07,0.0014496079076496936,1.0000000000000002,25.000000000000114
0,6327.935000000042,6327.935000000042,7.156194019622727e-09,3.995682105533008e-07,0.0030315673956990666,1.0000000000000002,25.000000000000114
0,6327.940000000042,6327.940000000042,7.079827622795712e-09,1.361827642505439e-07,0.0009973809080234786,1.0000000000000002,25.000000000000114
0,6327.9450000000425,6327.9450000000425,7.004726010635764e-09,-2.7040940134754403e-08,-0.0002630187840905794,1.0000000000000002,25.000000000000114
0,6327.950000000043,6327.950000000043,6.930861023946793e-09,6.664955416265175e-08,0.00046135499272489266,1.0000000000000002,25.000000000000114
0,6327.955000000043,6327.955000000043,6.858205286741193e-09,7.881301849464913e-08,0.0005558847754245291,1.0000000000000002,25.000000000000114
0,6327.960000000043,6327.960000000043,6.786732180101572e-09,1.2040816159503046e-07,0.000877778983196503,1.0000000000000002,25.000000000000114
0,6327.965000000043,6327.965000000043,6.7164158170587354e-09,6.238558197895044e-08,0.0004300704921651162,1.0000000000000002,25.000000000000114
0,6327.970000000043,6327.970000000043,6.647231018589496e-09,-3.7108749426932817e-08,-0.00033803552923081036,1.0000000000000002,25.000000000000114
0,6327.975000000043,6327.975000000043,6.579153290401598e-09,-1.6078621016362346e-07,-0.0012929761516948894,1.0000000000000002,25.000000000000114
0,6327.980000000043,6327.980000000043,6.5121588010156405e-09,2.3847171052930904e-08,0.0001339211230358435,1.0000000000000002,25.000000000000114
0,6327.985000000043,6327.985000000043,6.446224359670777e-09,2.601008078450609e-07,0.001959600961908719,1.0000000000000002,25.000000000000114
0,6327.990000000043,6327.990000000043,6.381327396312199e-09,-2.9598465892848603e-08,-0.0002779608259780464,1.0000000000000002,25.000000000000114
0,6327.995000000044,6327.995000000044,6.317445941464307e-09,-2.0692169507483304e-07,-0.0016473726597421925,1.0000000000000002,25.000000000000114
0,6328.000000000044,6328.000000000044,6.254558607093104e-09,5.01027815948192e-07,0.003822356125759389,1.0000000000000002,25.000000000000114
0,6328.005000000044,6328.005000000044,6.192644568376981e-09,-2.521576575569364e-07,-0.0019958775969973032,1.0000000000000002,25.000000000000114
