Segment Number,Wavenumber (cm-1),Wavenumber + Noise (cm-1),Alpha (ppm/cm),Alpha + Noise (ppm/cm),Pressure (Torr),Temperature (C)
0,13155.0,13155.000092404514,2.2649636246745674e-06,6.455648669187256e-06,40.00000000000001,25.0
0,13155.005,13155.004990503898,2.7343465043147235e-06,-1.836321650176892e-05,40.00000000000001,25.0
0,13155.009999999998,13155.010030981799,3.4732375300358096e-06,3.3289773278160974e-06,40.00000000000001,25.0
0,13155.014999999998,13155.01497787541,4.782206465604877e-06,-3.901510756959159e-05,40.00000000000001,25.0
0,13155.019999999997,13155.02002327014,7.3614424899705446e-06,2.4159057628186162e-06,40.00000000000001,25.0
0,13155.024999999996,13155.024976776773,1.2686067381402702e-05,-2.2141535637598437e-06,40.00000000000001,25.0
0,13155.029999999995,13155.029920486679,2.3329896441739866e-05,5.476702725805833e-05,40.00000000000001,25.0
0,13155.034999999994,13155.034939355632,4.257280393610203e-05,0.00010619235553731018,40.00000000000001,25.0
0,13155.039999999994,13155.040053884615,7.240873433037468e-05,7.801224486674687e-05,40.00000000000001,25.0
0,13155.044999999993,13155.04499573932,0.00011016239249164804,0.0001730053686657513,40.00000000000001,25.0
0,13155.049999999992,13155.049957689684,0.0001464005098308296,0.0001078962623912966,40.00000000000001,25.0
0,13155.054999999991,13155.054958771148,0.0001678388426294035,0.00021495323790292545,40.00000000000001,25.0
0,13155.05999999999,13155.060030705527,0.00016515235917155202,0.0001608589390545352,40.00000000000001,25.0
0,13155.06499999999,13155.064982265134,0.00013959839216654091,0.00011604118394809723,40.00000000000001,25.0
0,13155.069999999989,13155.070018179988,0.00010207925215668648,-4.437021187576743e-07,40.00000000000001,25.0
0,13155.074999999988,13155.074908362643,6.561331266123803e-05,8.59566638479196e-05,40.00000000000001,25.0
0,13155.079999999987,13155.079984599932,3.820556091503643e-05,2.718704500102226e-05,40.00000000000001,25.0
0,13155.084999999986,13155.084979147472,2.1243097958783558e-05,-5.388269472932534e-06,40.00000000000001,25.0
0,13155.089999999986,13155.089982425341,1.2196386958634321e-05,5.074740113332039e-05,40.00000000000001,25.0
0,13155.094999999985,13155.095003191516,7.837983585632168e-06,-9.441265175712646e-06,40.00000000000001,25.0
0,13155.099999999984,13155.099971797199,5.841451291626388e-06,4.624480776877984e-05,40.00000000000001,25.0
0,13155.104999999983,13155.105021764775,4.940179768280917e-06,-5.610884212911657e-07,40.00000000000001,25.0
0,13155.109999999982,13155.110130709598,4.5546211223958115e-06,1.914856791417796e-05,40.00000000000001,25.0
0,13155.114999999982,13155.114957653936,4.444744141465711e-06,5.8363391117061376e-05,40.00000000000001,25.0
0,13155.11999999998,13155.120094191685,4.5162315045394575e-06,3.450457208074396e-05,40.00000000000001,25.0
0,13155.12499999998,13155.125053215175,4.73627754652397e-06,-4.0036452287023095e-05,40.00000000000001,25.0
0,13155.12999999998,13155.129931555563,5.10239896786588e-06,1.2398834212295104e-05,40.00000000000001,25.0
0,13155.134999999978,13155.134949177884,5.633413799178205e-06,-9.675415272186121e-06,40.00000000000001,25.0
0,13155.139999999978,13155.140100534276,6.371062622677977e-06,-1.5595889759233436e-05,40.00000000000001,25.0
0,13155.144999999977,13155.145032693974,7.391209541154885e-06,-9.32611573095155e-06,40.00000000000001,25.0
0,13155.149999999976,13155.15002011332,8.832807608975247e-06,-1.0656184928216814e-06,40.00000000000001,25.0
0,13155.154999999975,13155.15494332913,1.0972182540496923e-05,-3.054189777088609e-05,40.00000000000001,25.0
0,13155.159999999974,13155.160000936583,1.4420598969298516e-05,-3.2039944197247104e-05,40.00000000000001,25.0
0,13155.164999999974,13155.164973208106,2.0632608861306657e-05,4.6682838912619966e-05,40.00000000000001,25.0
0,13155.169999999973,13155.17005456498,3.305032357094663e-05,2.2161635060116263e-05,40.00000000000001,25.0
0,13155.174999999972,13155.174965662383,5.9075040666545936e-05,5.418702146076018e-05,40.00000000000001,25.0
0,13155.179999999971,13155.179982031406,0.00011188235252284477,7.769510427957486e-05,40.00000000000001,25.0
0,13155.18499999997,13155.184992974016,0.00020876459857611934,0.0002098954060315658,40.00000000000001,25.0
0,13155.18999999997,13155.189924674582,0.00036061710855396164,0.0003807111313771731,40.00000000000001,25.0
0,13155.194999999969,13155.195059619216,0.0005538865941616401,0.0005460596302912039,40.00000000000001,25.0
0,13155.199999999968,13155.199965701766,0.0007390078371636153,0.0007851817963896521,40.00000000000001,25.0
0,13155.204999999967,13155.205028987966,0.000846031195504464,0.0008489472144428936,40.00000000000001,25.0
0,13155.209999999966,13155.209956419583,0.0008269235381076525,0.0008398649283858508,40.00000000000001,25.0
0,13155.214999999966,13155.214974776813,0.0006906122791240373,0.0006629797414998938,40.00000000000001,25.0
0,13155.219999999965,13155.220082084032,0.0004962048796402558,0.0005525287866314898,40.00000000000001,25.0
0,13155.224999999964,13155.22502371293,0.00031133924653886224,0.00033708834596595845,40.00000000000001,25.0
0,13155.229999999963,13155.230032824611,0.00017533186187418384,0.00017567584249069727,40.00000000000001,25.0
0,13155.234999999962,13155.235125943724,9.279869570138321e-05,0.00017407977947320926,40.00000000000001,25.0
0,13155.239999999962,13155.240027162783,4.934202164278318e-05,5.647148343664501e-05,40.00000000000001,25.0
0,13155.24499999996,13155.245006845696,2.828066323380632e-05,0.000123927399161072,40.00000000000001,25.0
0,13155.24999999996,13155.250084252939,1.815199223268911e-05,3.7750987721238725e-05,40.00000000000001,25.0
0,13155.25499999996,13155.255084284627,1.29274842002653e-05,-0.00011236628082420361,40.00000000000001,25.0
0,13155.259999999958,13155.259953364955,9.903529288901278e-06,4.543038117393194e-05,40.00000000000001,25.0
0,13155.264999999958,13155.264989690715,7.948713726295193e-06,-1.751692148374268e-05,40.00000000000001,25.0
0,13155.269999999957,13155.26998053369,6.579024552353701e-06,5.212883996060176e-06,40.00000000000001,25.0
0,13155.274999999956,13155.2751504028,5.566974801474128e-06,-2.3483351583568172e-05,40.00000000000001,25.0
0,13155.279999999955,13155.280009803038,4.791360701586359e-06,3.6153504507058774e-05,40.00000000000001,25.0
0,13155.284999999954,13155.284975971754,4.1812510526904165e-06,-6.0622351908156874e-05,40.00000000000001,25.0
0,13155.289999999954,13155.290001359532,3.691396137741676e-06,-1.9931402470989603e-05,40.00000000000001,25.0
0,13155.294999999953,13155.295035632453,3.2918619628455134e-06,-1.6118851880337647e-06,40.00000000000001,25.0
0,13155.299999999952,13155.30003015459,2.9615218753753243e-06,4.677220820524065e-05,40.00000000000001,25.0
0,13155.304999999951,13155.305000825638,2.6854235343197115e-06,-4.0275396531908224e-05,40.00000000000001,25.0
0,13155.30999999995,13155.310018122897,2.452334630699412e-06,-3.632995841825169e-05,40.00000000000001,25.0
0,13155.31499999995,13155.314939099047,2.2540575700415882e-06,-2.3644782266042195e-05,40.00000000000001,25.0
0,13155.319999999949,13155.319961766172,2.0842748579570874e-06,-1.5671221512947883e-05,40.00000000000001,25.0
0,13155.324999999948,13155.324937526657,1.9380972841188464e-06,-2.7870407046514546e-05,40.00000000000001,25.0
0,13155.329999999947,13155.330035421157,1.8116928526641624e-06,6.560400195590575e-05,40.00000000000001,25.0
0,13155.334999999946,13155.334922812606,1.7020255150216022e-06,-5.1565992837264454e-05,40.00000000000001,25.0
0,13155.339999999946,13155.339992620016,1.6066677955139103e-06,3.757575103203321e-05,40.00000000000001,25.0
0,13155.344999999945,13155.344962725821,1.5236642572099049e-06,-5.2736524189660724e-05,40.00000000000001,25.0
0,13155.349999999944,13155.35001048624,1.4514306502391216e-06,-4.46613761767159e-05,40.00000000000001,25.0
0,13155.354999999943,13155.354957537054,1.3886785676458484e-06,-5.211658505763131e-05,40.00000000000001,25.0
0,13155.359999999942,13155.359987541016,1.3343586567206699e-06,-1.052859606001343e-05,40.00000000000001,25.0
0,13155.364999999942,13155.36500708636,1.2876175656390153e-06,-3.884080484306459e-05,40.00000000000001,25.0
0,13155.36999999994,13155.369977713597,1.2477652463296469e-06,3.718573206993203e-05,40.00000000000001,25.0
0,13155.37499999994,13155.375009111034,1.214250230697918e-06,2.993617903537684e-05,40.00000000000001,25.0
0,13155.37999999994,13155.379991764126,1.1866412038255743e-06,2.001400930305598e-05,40.00000000000001,25.0
0,13155.384999999938,13155.385041400745,1.1646137155015959e-06,6.592205893032368e-06,40.00000000000001,25.0
0,13155.389999999938,13155.390010382444,1.1477126901723175e-06,4.04778038399934e-05,40.00000000000001,25.0
0,13155.394999999937,13155.394960151456,1.136314641325106e-06,-6.588980259606742e-06,40.00000000000001,25.0
0,13155.399999999936,13155.400003826297,1.1301017324812084e-06,-4.591588801823179e-06,40.00000000000001,25.0
0,13155.404999999935,13155.40505152744,1.1291277230920687e-06,-1.3388169211247183e-05,40.00000000000001,25.0
0,13155.409999999934,13155.410062977742,1.1335483820223797e-06,-1.384962962329966e-05,40.00000000000001,25.0
0,13155.414999999934,13155.41500962777,1.1436341690240002e-06,-1.8342751182870174e-05,40.00000000000001,25.0
0,13155.419999999933,13155.419950462672,1.1597898819071212e-06,-6.3516119501319786e-06,40.00000000000001,25.0
0,13155.424999999932,13155.425001944075,1.1825837505368065e-06,4.7482565518368845e-05,40.00000000000001,25.0
0,13155.429999999931,13155.430041712438,1.2127899045754503e-06,9.31409338474225e-06,40.00000000000001,25.0
0,13155.43499999993,13155.434963939439,1.2508177326764993e-06,-3.093511934280819e-06,40.00000000000001,25.0
0,13155.43999999993,13155.439968672983,1.29938934336033e-06,-6.113414200861503e-05,40.00000000000001,25.0
0,13155.444999999929,13155.445015795147,1.3597142856082191e-06,-8.16596234911792e-06,40.00000000000001,25.0
0,13155.449999999928,13155.449916371977,1.434413965783972e-06,2.749103949152894e-06,40.00000000000001,25.0
0,13155.454999999927,13155.454915896276,1.5271844063422237e-06,-1.5815782143855105e-05,40.00000000000001,25.0
0,13155.459999999926,13155.46001904416,1.6434103915758857e-06,-4.71860909089331e-05,40.00000000000001,25.0
0,13155.464999999926,13155.4649721864,1.7913086937598245e-06,2.717970915267639e-05,40.00000000000001,25.0
0,13155.469999999925,13155.46997538885,1.984286960061696e-06,-6.9003351729138096e-06,40.00000000000001,25.0
0,13155.474999999924,13155.474939992986,2.246424327062273e-06,-4.099606043017288e-05,40.00000000000001,25.0
0,13155.479999999923,13155.479980857093,2.6264960446671374e-06,-4.33057112246057e-05,40.00000000000001,25.0
0,13155.484999999922,13155.484950331458,3.2348579002994807e-06,2.636053084204009e-05,40.00000000000001,25.0
0,13155.489999999922,13155.490011552936,4.334114608627385e-06,3.274032112160176e-05,40.00000000000001,25.0
0,13155.49499999992,13155.495002107293,6.526321858193072e-06,6.31063609230793e-05,40.00000000000001,25.0
0,13155.49999999992,13155.500004043452,1.102922474698637e-05,-2.5346789260367864e-05,40.00000000000001,25.0
0,13155.50499999992,13155.504976921644,3.4145474110636864e-05,3.5087135907070196e-05,40.00000000000001,25.0
0,13155.509999999918,13155.51007463113,4.9633421306189694e-05,9.574676150344576e-06,40.00000000000001,25.0
0,13155.514999999918,13155.514917228233,7.235318576401244e-05,7.153430143890954e-05,40.00000000000001,25.0
0,13155.519999999917,13155.519947568926,9.917816729180826e-05,0.00014154172307032358,40.00000000000001,25.0
0,13155.524999999916,13155.524950371793,0.00012245736166981202,0.0001240792575326892,40.00000000000001,25.0
0,13155.529999999915,13155.530064818728,0.00013319864808160832,0.00011359392870047229,40.00000000000001,25.0
0,13155.534999999914,13155.534995419172,0.000126792355158384,0.00010910018342114762,40.00000000000001,25.0
0,13155.539999999914,13155.540017246853,0.00010638298161776168,6.136000192939571e-05,40.00000000000001,25.0
0,13155.544999999913,13155.54504521249,8.056507705649833e-05,7.385086115270906e-05,40.00000000000001,25.0
0,13155.549999999912,13155.550031624325,5.770500643361255e-05,6.332652684176585e-05,40.00000000000001,25.0
0,13155.554999999911,13155.555002862871,4.1979828759982684e-05,6.846600848843781e-05,40.00000000000001,25.0
0,13155.55999999991,13155.560021687641,3.339121712123331e-05,-4.905929284139788e-05,40.00000000000001,25.0
0,13155.56499999991,13155.565143488177,3.0061969986749222e-05,-8.439290094018419e-07,40.00000000000001,25.0
0,13155.569999999909,13155.570072868952,3.0354817157833994e-05,-7.961402053698292e-05,40.00000000000001,25.0
0,13155.574999999908,13155.574992848382,3.402120641582952e-05,3.9218283647028414e-05,40.00000000000001,25.0
0,13155.579999999907,13155.57999553808,4.301347001622538e-05,7.405882585277457e-05,40.00000000000001,25.0
0,13155.584999999906,13155.585042608944,6.264640048880955e-05,2.957747024526317e-05,40.00000000000001,25.0
0,13155.589999999906,13155.589990957353,0.00010254169838618662,0.0001037016123507815,40.00000000000001,25.0
0,13155.594999999905,13155.595011495245,0.00017468871236462317,0.00019471812151060334,40.00000000000001,25.0
0,13155.599999999904,13155.600017113615,0.00028525012250616577,0.00029092652359997804,40.00000000000001,25.0
0,13155.604999999903,13155.604934213774,0.0004216280837200523,0.0004677665993133118,40.00000000000001,25.0
0,13155.609999999902,13155.60992995233,0.0005461724434552476,0.0005609070912084731,40.00000000000001,25.0
0,13155.614999999902,13155.614939769355,0.000610179616914428,0.000637526557336785,40.00000000000001,25.0
0,13155.6199999999,13155.620064120925,0.0005845733463899712,0.0005742684844034534,40.00000000000001,25.0
0,13155.6249999999,13155.624996701295,0.0004814365451966261,0.0004823269804847697,40.00000000000001,25.0
0,13155.6299999999,13155.629993311744,0.00034481965828412676,0.00029093515644524205,40.00000000000001,25.0
0,13155.634999999898,13155.635069692162,0.00022031180301891086,0.00025324922529320964,40.00000000000001,25.0
0,13155.639999999898,13155.64004931478,0.0001316847490099715,0.0001218588278575197,40.00000000000001,25.0
0,13155.644999999897,13155.644971571097,7.941010998501337e-05,0.0001517470089599358,40.00000000000001,25.0
0,13155.649999999896,13155.649984924828,5.258496501055351e-05,0.00012264661486202346,40.00000000000001,25.0
0,13155.654999999895,13155.655042567203,3.991114162518243e-05,2.3996736956935135e-05,40.00000000000001,25.0
0,13155.659999999894,13155.659951017116,3.400391739941259e-05,7.073270523202065e-05,40.00000000000001,25.0
0,13155.664999999894,13155.664949817346,3.110298224694492e-05,-1.061780488978147e-05,40.00000000000001,25.0
0,13155.669999999893,13155.670047525373,2.9556627208020126e-05,5.713709317113557e-06,40.00000000000001,25.0
0,13155.674999999892,13155.675020827543,2.8679924587400935e-05,7.042780952297685e-05,40.00000000000001,25.0
0,13155.679999999891,13155.68002064166,2.817910476134686e-05,-3.8209897788820005e-06,40.00000000000001,25.0
0,13155.68499999989,13155.684990255331,2.791455322470054e-05,5.514935323278961e-05,40.00000000000001,25.0
0,13155.68999999989,13155.689987102705,2.781135656899501e-05,4.097187554031352e-05,40.00000000000001,25.0
0,13155.694999999889,13155.695017136357,2.7825080138890673e-05,8.670694521165876e-07,40.00000000000001,25.0
0,13155.699999999888,13155.700041448326,2.7927435472220264e-05,-3.7934837765430487e-06,40.00000000000001,25.0
0,13155.704999999887,13155.704916933024,2.8099512104753937e-05,3.516474965179626e-05,40.00000000000001,25.0
0,13155.709999999886,13155.710071227215,2.8328219525556323e-05,4.240076325016735e-05,40.00000000000001,25.0
0,13155.714999999886,13155.714997510828,2.860425916674152e-05,-3.2816444596563116e-05,40.00000000000001,25.0
0,13155.719999999885,13155.719978421535,2.8920898166268323e-05,-5.9674447741916315e-05,40.00000000000001,25.0
0,13155.724999999884,13155.72499883969,2.9273194083797894e-05,-3.4269388625539633e-05,40.00000000000001,25.0
0,13155.729999999883,13155.730040801915,2.9657487123215087e-05,-2.277271855488695e-05,40.00000000000001,25.0
0,13155.734999999882,13155.734936918258,3.0071057813035657e-05,3.1118587868553833e-05,40.00000000000001,25.0
0,13155.739999999882,13155.740021481772,3.051189058015558e-05,-1.694650116676929e-05,40.00000000000001,25.0
0,13155.74499999988,13155.744940225486,3.0978507071159544e-05,-1.4149982165152142e-05,40.00000000000001,25.0
0,13155.74999999988,13155.750008331343,3.15027733360541e-05,0.00011865892153980654,40.00000000000001,25.0
0,13155.75499999988,13155.754963533538,3.2018543802455666e-05,4.3403962019019856e-05,40.00000000000001,25.0
0,13155.759999999878,13155.760004633425,3.2557851993816616e-05,5.802027635455345e-05,40.00000000000001,25.0
0,13155.764999999878,13155.764972223318,3.31203719806481e-05,-1.2733853952802454e-05,40.00000000000001,25.0
0,13155.769999999877,13155.769909189969,3.3706209061318915e-05,4.223721380117811e-05,40.00000000000001,25.0
0,13155.774999999876,13155.775061029146,3.4315367602449104e-05,5.7300492771674604e-05,40.00000000000001,25.0
0,13155.779999999875,13155.77993176464,3.494807482913555e-05,2.2823974710632066e-06,40.00000000000001,25.0
0,13155.784999999874,13155.785023027636,3.56046770428849e-05,6.943766197283877e-05,40.00000000000001,25.0
0,13155.789999999874,13155.790039848627,3.628562789593982e-05,1.830356804498173e-06,40.00000000000001,25.0
0,13155.794999999873,13155.795021023954,3.699147968061638e-05,8.913356567503229e-05,40.00000000000001,25.0
0,13155.799999999872,13155.80000897677,3.77228770104903e-05,4.361096442399782e-05,40.00000000000001,25.0
0,13155.804999999871,13155.80494827277,3.848055242930892e-05,5.78728149163969e-05,40.00000000000001,25.0
0,13155.80999999987,13155.80995637597,3.9265323600425235e-05,0.00010562091819887907,40.00000000000001,25.0
0,13155.81499999987,13155.814983273976,4.007809181657684e-05,9.705919820364946e-05,40.00000000000001,25.0
0,13155.819999999869,13155.819911399445,4.091984163528255e-05,2.1722547598716697e-05,40.00000000000001,25.0
0,13155.824999999868,13155.825050683894,4.1791641495177386e-05,6.040370151212237e-05,40.00000000000001,25.0
0,13155.829999999867,13155.830022278833,4.2694648823591765e-05,3.2730892858658014e-05,40.00000000000001,25.0
0,13155.834999999866,13155.834934197499,4.3622813930127504e-05,1.5419725044082728e-05,40.00000000000001,25.0
0,13155.839999999866,13155.840042986012,4.459213365102978e-05,2.4768811944365235e-05,40.00000000000001,25.0
0,13155.844999999865,13155.845007327041,5.502037045023092e-05,3.5419727472933544e-05,40.00000000000001,25.0
0,13155.849999999864,13155.850042717851,5.6182932767819755e-05,9.133429818460601e-05,40.00000000000001,25.0
0,13155.854999999863,13155.855072460168,5.7386227328229573e-05,7.031774399494749e-05,40.00000000000001,25.0
0,13155.859999999862,13155.860063938799,5.863205701047217e-05,9.073460414205821e-05,40.00000000000001,25.0
0,13155.864999999862,13155.865107120604,5.992234328617059e-05,5.201435379324083e-05,40.00000000000001,25.0
0,13155.86999999986,13155.869933852517,6.125913370733254e-05,7.427570397088602e-05,40.00000000000001,25.0
0,13155.87499999986,13155.875087845008,6.264461021832667e-05,7.41362538508197e-05,40.00000000000001,25.0
0,13155.87999999986,13155.880089597906,6.408109834992963e-05,0.00013800713295653345,40.00000000000001,25.0
0,13155.884999999858,13155.884956020334,6.557107736493168e-05,2.9378532558838333e-05,40.00000000000001,25.0
0,13155.889999999858,13155.889974510463,6.711719143660566e-05,2.46239000462349e-06,40.00000000000001,25.0
0,13155.894999999857,13155.894992777758,6.872226195443584e-05,3.7430169613925775e-05,40.00000000000001,25.0
0,13155.899999999856,13155.900072014289,7.038930106574345e-05,0.00015534932953695962,40.00000000000001,25.0
0,13155.904999999855,13155.905080503777,7.212565174840101e-05,9.717112970271197e-05,40.00000000000001,25.0
0,13155.909999999854,13155.90991977606,7.39265579287439e-05,6.963520139087967e-05,40.00000000000001,25.0
0,13155.914999999854,13155.914999580626,7.579977147674197e-05,5.3140581551794754e-05,40.00000000000001,25.0
0,13155.919999999853,13155.919953471775,7.774923249484831e-05,3.931233751200459e-05,40.00000000000001,25.0
0,13155.924999999852,13155.924974622814,7.977916314273171e-05,9.873239072134441e-05,40.00000000000001,25.0
0,13155.929999999851,13155.929983772432,8.189409194555123e-05,9.508821619405843e-06,40.00000000000001,25.0
0,13155.93499999985,13155.93496700945,8.409888070314071e-05,2.6916300003790905e-05,40.00000000000001,25.0
0,13155.93999999985,13155.940140374461,8.639875433303725e-05,8.133292892533893e-05,40.00000000000001,25.0
0,13155.944999999849,13155.944987607072,8.879933403916135e-05,3.6472192207528165e-05,40.00000000000001,25.0
0,13155.949999999848,13155.950037577357,9.130667427209718e-05,8.848643232875769e-05,40.00000000000001,25.0
0,13155.954999999847,13155.955029924327,9.392730404506762e-05,0.0001186888239354053,40.00000000000001,25.0
0,13155.959999999846,13155.959914371402,9.666827330377276e-05,5.988585514997323e-05,40.00000000000001,25.0
0,13155.964999999846,13155.964959788043,9.953720524171583e-05,9.689017299565144e-05,40.00000000000001,25.0
0,13155.969999999845,13155.969863794076,0.00010256390982334709,0.00010851064299649843,40.00000000000001,25.0
0,13155.974999999844,13155.97500762269,0.00010567717528097932,0.00012704114634653354,40.00000000000001,25.0
0,13155.979999999843,13155.97993355151,0.00010898318908732435,8.30373396900686e-05,40.00000000000001,25.0
0,13155.984999999842,13155.98506825134,0.00011245472575032857,9.362039659749248e-05,40.00000000000001,25.0
0,13155.989999999842,13155.990051895145,0.00011610339413726617,0.00015438932410814077,40.00000000000001,25.0
0,13155.99499999984,13155.994962441708,0.00011994195978617616,8.071929452235638e-05,40.00000000000001,25.0
0,13155.99999999984,13156.000069830558,0.00012398459526460846,0.0001364116387111147,40.00000000000001,25.0
0,13156.00499999984,13156.004966831288,0.00012824734678636965,8.500927784955892e-05,40.00000000000001,25.0
0,13156.009999999838,13156.009941662487,0.00013274915869937383,0.00010961098460880779,40.00000000000001,25.0
0,13156.014999999838,13156.014919714082,0.00013751425562314276,0.00014926080185062124,40.00000000000001,25.0
0,13156.019999999837,13156.020007494031,0.00014257726771093712,0.0001563050485402506,40.00000000000001,25.0
0,13156.024999999836,13156.024986175493,0.000147992063970573,0.00010647009233483687,40.00000000000001,25.0
0,13156.029999999835,13156.03002435084,0.00015384095674160123,0.00013026208277491712,40.00000000000001,25.0
0,13156.034999999834,13156.035033383157,0.00016023076359792824,0.000189380464664478,40.00000000000001,25.0
0,13156.039999999834,13156.04009654587,0.0001672541996906266,0.00016153375389714615,40.00000000000001,25.0
0,13156.044999999833,13156.045117685477,0.00017509219222792822,0.00014241582055816895,40.00000000000001,25.0
0,13156.049999999832,13156.05001067462,0.00018324412645447175,0.00020576906736498695,40.00000000000001,25.0
0,13156.054999999831,13156.055048798884,0.00019159259130784132,0.0001275112576215915,40.00000000000001,25.0
0,13156.05999999983,13156.06001490169,0.00019989802863087626,0.00023142087099168408,40.00000000000001,25.0
0,13156.06499999983,13156.064987535205,0.0002081534299535465,0.00020370876783975845,40.00000000000001,25.0
0,13156.069999999829,13156.069988848301,0.00021662589488665587,0.0002596626810543772,40.00000000000001,25.0
0,13156.074999999828,13156.07488421008,0.00022571007397631762,0.000281504180782541,40.00000000000001,25.0
0,13156.079999999827,13156.079996101753,0.0002357329918552557,0.00027281987226782957,40.00000000000001,25.0
0,13156.084999999826,13156.084970576,0.00024686551922428827,0.00019625682252449747,40.00000000000001,25.0
0,13156.089999999826,13156.090027526612,0.0002591618651506917,0.00025609907806850194,40.00000000000001,25.0
0,13156.094999999825,13156.094943103206,0.00027264471782497253,0.00026727437561929523,40.00000000000001,25.0
0,13156.099999999824,13156.100031888056,0.0002873637010653258,0.0002561018423431733,40.00000000000001,25.0
0,13156.104999999823,13156.10500762626,0.0003034135884292717,0.000293372713689617,40.00000000000001,25.0
0,13156.109999999822,13156.109927949296,0.00032093157560146796,0.0003255886169190609,40.00000000000001,25.0
0,13156.114999999822,13156.114972080793,0.00034009174420372457,0.00041412902167591443,40.00000000000001,25.0
0,13156.11999999982,13156.120026346984,0.0003611036859797838,0.00038467260120931336,40.00000000000001,25.0
0,13156.12499999982,13156.125021900622,0.000384215633558883,0.00032655066985708933,40.00000000000001,25.0
0,13156.12999999982,13156.130033989999,0.0004097209928518113,0.0004528706318772441,40.00000000000001,25.0
0,13156.134999999818,13156.134918382037,0.00043796770873702544,0.00040470472312490146,40.00000000000001,25.0
0,13156.139999999818,13156.139969230006,0.0004693706191975892,0.0005368306328762407,40.00000000000001,25.0
0,13156.144999999817,13156.145000692832,0.0005044274916890951,0.0004860662080388232,40.00000000000001,25.0
0,13156.149999999816,13156.150015002559,0.0005437398996239592,0.0005297348873979453,40.00000000000001,25.0
0,13156.154999999815,13156.155036013412,0.0005880406408924303,0.0005864756780765952,40.00000000000001,25.0
0,13156.159999999814,13156.16001670984,0.0006382301592873301,0.0005874346413812908,40.00000000000001,25.0
0,13156.164999999814,13156.16494585405,0.0006954256748172519,0.0007206391638197513,40.00000000000001,25.0
0,13156.169999999813,13156.170029558521,0.0007610276787029407,0.0007447363963328688,40.00000000000001,25.0
0,13156.174999999812,13156.174872687088,0.0008368135339077655,0.0008369344524859276,40.00000000000001,25.0
0,13156.179999999811,13156.18001928251,0.0009250685370467743,0.0009726159164269293,40.00000000000001,25.0
0,13156.18499999981,13156.18491932772,0.001028776075105474,0.0010457960655101302,40.00000000000001,25.0
0,13156.18999999981,13156.190029883037,0.0011518992840606791,0.0011138310831153558,40.00000000000001,25.0
0,13156.194999999809,13156.1949430822,0.0012998111017794632,0.001372999187693403,40.00000000000001,25.0
0,13156.199999999808,13156.20001960171,0.0014799754200633354,0.0015314178280378407,40.00000000000001,25.0
0,13156.204999999807,13156.205025252413,0.0017030782367154541,0.0017092968117898356,40.00000000000001,25.0
0,13156.209999999806,13156.210051137416,0.0019850322519406544,0.0019899459327028576,40.00000000000001,25.0
0,13156.214999999806,13156.214956852695,0.002350873999735282,0.0023350319049053048,40.00000000000001,25.0
0,13156.219999999805,13156.220083380958,0.002843333627477061,0.002825495541184755,40.00000000000001,25.0
0,13156.224999999804,13156.225022464532,0.0035442493480635443,0.0034876189219503464,40.00000000000001,25.0
0,13156.229999999803,13156.229963440877,0.00463236819719131,0.004676676336112292,40.00000000000001,25.0
0,13156.234999999802,13156.23498036802,0.006536969074936336,0.006501589286806799,40.00000000000001,25.0
0,13156.239999999802,13156.239968656424,0.010301183756974341,0.010303609895942584,40.00000000000001,25.0
0,13156.2449999998,13156.24503323135,0.018266321868068768,0.018228298551477153,40.00000000000001,25.0
0,13156.2499999998,13156.250013891367,0.034903987895307846,0.034878161979192045,40.00000000000001,25.0
0,13156.2549999998,13156.2550256339,0.06683366236523039,0.0668290188030715,40.00000000000001,25.0
0,13156.259999999798,13156.259986252247,0.12024255711885229,0.12020728522958841,40.00000000000001,25.0
0,13156.264999999798,13156.264937168495,0.19483643662492514,0.194859860924508,40.00000000000001,25.0
0,13156.269999999797,13156.269963536452,0.2774764774230143,0.2775476523147937,40.00000000000001,25.0
0,13156.274999999796,13156.274958264381,0.342764533440282,0.34279232197616655,40.00000000000001,25.0
0,13156.279999999795,13156.279987994956,0.36492996178257664,0.36497605255016663,40.00000000000001,25.0
0,13156.284999999794,13156.285047719755,0.33429232884122195,0.3343211509939563,40.00000000000001,25.0
0,13156.289999999794,13156.290031460183,0.26411446512101383,0.2641247303950481,40.00000000000001,25.0
0,13156.294999999793,13156.294962465608,0.18129400543971302,0.1813293985677498,40.00000000000001,25.0
0,13156.299999999792,13156.2999857759,0.10971897606238094,0.10973262203319675,40.00000000000001,25.0
0,13156.304999999791,13156.304968849181,0.060142659766773576,0.06014715152658976,40.00000000000001,25.0
0,13156.30999999979,13156.30994393442,0.03126698694992305,0.031303776638048765,40.00000000000001,25.0
0,13156.31499999979,13156.315058525628,0.01649525775274394,0.016508283897297558,40.00000000000001,25.0
0,13156.319999999789,13156.319975918128,0.009480034402792503,0.00948757483624602,40.00000000000001,25.0
0,13156.324999999788,13156.324989134966,0.006147412432568425,0.006187243630669723,40.00000000000001,25.0
0,13156.329999999787,13156.330027173391,0.004432757818956026,0.004454215669417533,40.00000000000001,25.0
0,13156.334999999786,13156.335053163004,0.0034337030458959895,0.0034260042387174914,40.00000000000001,25.0
0,13156.339999999786,13156.3399694124,0.0027806603451028763,0.0027835142106520934,40.00000000000001,25.0
0,13156.344999999785,13156.34496000584,0.002318143358739188,0.00230254328300266,40.00000000000001,25.0
0,13156.349999999784,13156.35002777026,0.00197360179312371,0.0020375812262208594,40.00000000000001,25.0
0,13156.354999999783,13156.354974097405,0.0017086617745572417,0.0017119944840174532,40.00000000000001,25.0
0,13156.359999999782,13156.359975532321,0.0015011502919384564,0.0015040895716781828,40.00000000000001,25.0
0,13156.364999999782,13156.365018845547,0.0013380061756508312,0.0013426488591146775,40.00000000000001,25.0
0,13156.36999999978,13156.369979131185,0.0012118868896788175,0.0012299314185273752,40.00000000000001,25.0
0,13156.37499999978,13156.374921596158,0.0011184064429488583,0.0011431759722087195,40.00000000000001,25.0
0,13156.37999999978,13156.380016743577,0.0010525693032752833,0.001036564537620251,40.00000000000001,25.0
0,13156.384999999778,13156.38501306339,0.0010054120445064606,0.0009939383037588698,40.00000000000001,25.0
0,13156.389999999778,13156.389997316119,0.0009636460639935491,0.0009219287852215602,40.00000000000001,25.0
0,13156.394999999777,13156.395008156542,0.0009139430798329141,0.0009393610422958528,40.00000000000001,25.0
0,13156.399999999776,13156.400105346554,0.0008508495131859955,0.0008528308211560221,40.00000000000001,25.0
0,13156.404999999775,13156.405066863814,0.0007789671404522366,0.0008072932800496564,40.00000000000001,25.0
0,13156.409999999774,13156.40997909717,0.0007087036120116927,0.0006995747496308998,40.00000000000001,25.0
0,13156.414999999773,13156.41492847174,0.000648947090564726,0.0006663019423689367,40.00000000000001,25.0
0,13156.419999999773,13156.420053411848,0.0006030029853887752,0.0005525415910663378,40.00000000000001,25.0
0,13156.424999999772,13156.42508112841,0.0005694368799811891,0.0005876237953601693,40.00000000000001,25.0
0,13156.429999999771,13156.429933440953,0.0005450358520727185,0.0005912361295097566,40.00000000000001,25.0
0,13156.43499999977,13156.43504906369,0.0005269805624297949,0.0005255557273041106,40.00000000000001,25.0
0,13156.43999999977,13156.439948266612,0.0005135041764160404,0.0004841464037849902,40.00000000000001,25.0
0,13156.444999999769,13156.445019705829,0.0005037024440299409,0.0005009284880599193,40.00000000000001,25.0
0,13156.449999999768,13156.449982893733,0.0004971935720546519,0.0005315866265634165,40.00000000000001,25.0
0,13156.454999999767,13156.45504158399,0.000493916407631884,0.0004552380260959953,40.00000000000001,25.0
0,13156.459999999766,13156.46000131488,0.0004941143146893381,0.00043825630330742804,40.00000000000001,25.0
0,13156.464999999765,13156.465047782454,0.0004985569522022624,0.0005240635628086562,40.00000000000001,25.0
0,13156.469999999765,13156.469981868651,0.0005091854815456656,0.0005035199101290902,40.00000000000001,25.0
0,13156.474999999764,13156.475000069206,0.0005304585342989382,0.0005606909238593655,40.00000000000001,25.0
0,13156.479999999763,13156.479946951877,0.0005712619363906142,0.0004911898865504854,40.00000000000001,25.0
0,13156.484999999762,13156.485049200843,0.0006456314805067642,0.0006775057114572172,40.00000000000001,25.0
0,13156.489999999761,13156.48998483707,0.0007682192610768296,0.0008582691611473551,40.00000000000001,25.0
0,13156.49499999976,13156.494985654304,0.0009413241197107612,0.0009401506431647752,40.00000000000001,25.0
0,13156.49999999976,13156.499967384669,0.0011392264834676786,0.0011097330886604838,40.00000000000001,25.0
0,13156.50499999976,13156.505012853886,0.0013072311538112236,0.0012492916432312686,40.00000000000001,25.0
0,13156.509999999758,13156.510033935117,0.0013882822268739005,0.0014287144530439296,40.00000000000001,25.0
0,13156.514999999757,13156.515089890814,0.0013622484970626113,0.0013450907126896434,40.00000000000001,25.0
0,13156.519999999757,13156.51995513499,0.0012618992015922712,0.0012771773002456144,40.00000000000001,25.0
0,13156.524999999756,13156.524910525935,0.0011501978077258369,0.00110860741091426,40.00000000000001,25.0
0,13156.529999999755,13156.52988047439,0.001080132410875073,0.0010740804235968456,40.00000000000001,25.0
0,13156.534999999754,13156.534954350063,0.001074741453054123,0.000983482657738629,40.00000000000001,25.0
0,13156.539999999753,13156.540000444673,0.0011330435880912277,0.0011496789837922466,40.00000000000001,25.0
0,13156.544999999753,13156.545013029365,0.0012470583666918805,0.0011867847845649247,40.00000000000001,25.0
0,13156.549999999752,13156.550001781567,0.00141442307179632,0.0014490762702015375,40.00000000000001,25.0
0,13156.554999999751,13156.55496143669,0.0016440530682427913,0.0017286942983805716,40.00000000000001,25.0
0,13156.55999999975,13156.560031823417,0.001960600005162353,0.001904783587757941,40.00000000000001,25.0
0,13156.56499999975,13156.564953636635,0.0024166667013670344,0.0024763567545338346,40.00000000000001,25.0
0,13156.569999999749,13156.569977000596,0.0031291786138361137,0.003111654619935604,40.00000000000001,25.0
0,13156.574999999748,13156.575012051728,0.004377925936014849,0.0043959312804052394,40.00000000000001,25.0
0,13156.579999999747,13156.579954131304,0.006839527403570868,0.006858181114061044,40.00000000000001,25.0
0,13156.584999999746,13156.584950849427,0.012031306096432787,0.012015598624075143,40.00000000000001,25.0
0,13156.589999999745,13156.589972324446,0.022860923177875976,0.02283808584644377,40.00000000000001,25.0
0,13156.594999999745,13156.59505419459,0.043663215670657576,0.043606662684816715,40.00000000000001,25.0
0,13156.599999999744,13156.599946801478,0.07854239340331587,0.07845811557770908,40.00000000000001,25.0
0,13156.604999999743,13156.605028661095,0.1273912907020916,0.12737455525305627,40.00000000000001,25.0
0,13156.609999999742,13156.609914086866,0.1816218694536858,0.18162729619104231,40.00000000000001,25.0
0,13156.614999999741,13156.614989324666,0.22446757183018987,0.22443365998002474,40.00000000000001,25.0
0,13156.61999999974,13156.620054420902,0.23886860044223757,0.23882228754428372,40.00000000000001,25.0
0,13156.62499999974,13156.625030290601,0.21847502635427243,0.21844250002872254,40.00000000000001,25.0
0,13156.629999999739,13156.63007705518,0.17218986368083744,0.17216610699391774,40.00000000000001,25.0
0,13156.634999999738,13156.634985049937,0.11785955321443697,0.11786041199914359,40.00000000000001,25.0
0,13156.639999999737,13156.639929586123,0.07115736852065273,0.07111874169355026,40.00000000000001,25.0
0,13156.644999999737,13156.645017729245,0.03897689967436475,0.039002044768880154,40.00000000000001,25.0
0,13156.649999999736,13156.649929076182,0.0203143655676524,0.020293029385009487,40.00000000000001,25.0
0,13156.654999999735,13156.655029701591,0.010793342091096888,0.010759383415092524,40.00000000000001,25.0
0,13156.659999999734,13156.660009908706,0.00627580926199406,0.006333593938347018,40.00000000000001,25.0
0,13156.664999999733,13156.665040157706,0.004127543800028326,0.004153480722151823,40.00000000000001,25.0
0,13156.669999999733,13156.669982322572,0.0030153042125361713,0.002991580499378961,40.00000000000001,25.0
0,13156.674999999732,13156.674960371642,0.002354639922073698,0.0023683202011756583,40.00000000000001,25.0
0,13156.679999999731,13156.680017531093,0.001908431127278687,0.0019409125973231078,40.00000000000001,25.0
0,13156.68499999973,13156.685068752407,0.0015826659043449078,0.0015947662508891253,40.00000000000001,25.0
0,13156.68999999973,13156.690010167777,0.0013386589988409077,0.0012914734944081262,40.00000000000001,25.0
0,13156.694999999729,13156.6949367888,0.0011588303864412202,0.001115191011587711,40.00000000000001,25.0
0,13156.699999999728,13156.699948986157,0.0010355097042508892,0.0010430204346195571,40.00000000000001,25.0
0,13156.704999999727,13156.704999297368,0.0009674216324702063,0.0010083865834723655,40.00000000000001,25.0
0,13156.709999999726,13156.709977906343,0.000954245653491915,0.0009548354279327834,40.00000000000001,25.0
0,13156.714999999725,13156.714951152066,0.00098590146241572,0.000954461763185349,40.00000000000001,25.0
0,13156.719999999725,13156.720055045475,0.001033104630106255,0.0010424955132326838,40.00000000000001,25.0
0,13156.724999999724,13156.7250419944,0.001052135005082616,0.001070553304240682,40.00000000000001,25.0
0,13156.729999999723,13156.730036826064,0.001007550551208785,0.000990060767347,40.00000000000001,25.0
0,13156.734999999722,13156.73489645535,0.0008958210068254964,0.0008971804871643906,40.00000000000001,25.0
0,13156.739999999721,13156.73999469176,0.0007467226263371596,0.0007569823361447352,40.00000000000001,25.0
0,13156.74499999972,13156.745071187926,0.0006008438726067491,0.0006334324823601396,40.00000000000001,25.0
0,13156.74999999972,13156.750033124626,0.0004850886166548437,0.0004762683005810752,40.00000000000001,25.0
0,13156.754999999719,13156.755020320836,0.0004050981669897462,0.00043103346085854554,40.00000000000001,25.0
0,13156.759999999718,13156.759980595254,0.0003530605136454755,0.0003518060364976901,40.00000000000001,25.0
0,13156.764999999717,13156.764990227646,0.0003183518587505311,0.00035632322034476053,40.00000000000001,25.0
0,13156.769999999717,13156.770004202715,0.0002931279606144582,0.00031754634359626064,40.00000000000001,25.0
0,13156.774999999716,13156.774991903834,0.00027301705546357977,0.0002502332109746417,40.00000000000001,25.0
0,13156.779999999715,13156.779986591053,0.00025592398230155094,0.00021826556682925623,40.00000000000001,25.0
0,13156.784999999714,13156.784960806977,0.000240879553556053,0.000284028748680129,40.00000000000001,25.0
0,13156.789999999713,13156.790059230001,0.00022739695079675287,0.00017888468761736092,40.00000000000001,25.0
0,13156.794999999713,13156.795014730853,0.00021519056026524162,0.00015093187723934774,40.00000000000001,25.0
0,13156.799999999712,13156.799969252781,0.0002040662704199093,0.00012767004538302593,40.00000000000001,25.0
0,13156.804999999711,13156.804970372894,0.00019387857817864507,0.00019494197005361,40.00000000000001,25.0
0,13156.80999999971,13156.810104502823,0.00018451202447589246,0.00012285191751780305,40.00000000000001,25.0
0,13156.81499999971,13156.815058203172,0.0001758718559484552,0.00023967924077013497,40.00000000000001,25.0
0,13156.819999999709,13156.819986559454,0.00016787862228817498,0.0001522526426070081,40.00000000000001,25.0
0,13156.824999999708,13156.825032957535,0.0001604647061577786,0.000138597798062802,40.00000000000001,25.0
0,13156.829999999707,13156.830067664168,0.00015357192533648007,0.00019999850972905747,40.00000000000001,25.0
0,13156.834999999706,13156.834927804031,0.0001471497878162079,0.0001440871742515079,40.00000000000001,25.0
0,13156.839999999705,13156.84004858718,0.00014115417321800618,0.0001541903681037417,40.00000000000001,25.0
0,13156.844999999705,13156.845100417791,0.0001355461165668247,0.0001981086423129193,40.00000000000001,25.0
0,13156.849999999704,13156.849994201375,0.00013029176138516717,0.00012350685095894264,40.00000000000001,25.0
0,13156.854999999703,13156.854953105067,0.0001252179019033056,0.00018558000723393851,40.00000000000001,25.0
0,13156.859999999702,13156.860006848357,0.00012059467577221277,0.00016992953584127977,40.00000000000001,25.0
0,13156.864999999701,13156.864943088842,0.00011624220318122119,9.3459112660207e-05,40.00000000000001,25.0
0,13156.8699999997,13156.869954109585,0.00011214443466374701,6.244546528359643e-05,40.00000000000001,25.0
0,13156.8749999997,13156.875025922625,0.00010827131093255606,0.00011701029036113865,40.00000000000001,25.0
0,13156.879999999699,13156.880028187597,0.00010461082693657202,0.00011051937624526453,40.00000000000001,25.0
0,13156.884999999698,13156.884953486464,0.00010114733741329765,0.00012871862762447317,40.00000000000001,25.0
0,13156.889999999697,13156.889977829684,9.786672786881297e-05,0.00012305076316942933,40.00000000000001,25.0
0,13156.894999999697,13156.894929491637,9.47562677902597e-05,3.175476577899769e-05,40.00000000000001,25.0
0,13156.899999999696,13156.900080493446,9.180449873088774e-05,0.0001388043430965516,40.00000000000001,25.0
0,13156.904999999695,13156.904948417088,8.900109591037037e-05,7.277776005378625e-05,40.00000000000001,25.0
0,13156.909999999694,13156.910057563638,8.633713794276044e-05,4.298164930249038e-05,40.00000000000001,25.0
0,13156.914999999693,13156.915041370703,8.380479361161017e-05,7.999631010081807e-05,40.00000000000001,25.0
0,13156.919999999693,13156.920039233868,8.139804540237646e-05,6.375726814309934e-05,40.00000000000001,25.0
0,13156.924999999692,13156.92496821888,7.911406339405803e-05,0.00013451365084368678,40.00000000000001,25.0
0,13156.929999999691,13156.929985445118,7.69579880616354e-05,8.085999196872876e-05,40.00000000000001,25.0
0,13156.93499999969,13156.935033499509,7.495758473580544e-05,8.839612454755226e-05,40.00000000000001,25.0
0,13156.93999999969,13156.93996850527,7.320151838956362e-05,8.408943331193761e-05,40.00000000000001,25.0
0,13156.944999999689,13156.944946533482,7.19169675349405e-05,7.390366976818712e-05,40.00000000000001,25.0
0,13156.949999999688,13156.95003807525,7.157512986216405e-05,7.45420673823007e-05,40.00000000000001,25.0
0,13156.954999999687,13156.955026741052,7.289657463213405e-05,7.543997860060715e-05,40.00000000000001,25.0
0,13156.959999999686,13156.959926390764,7.659961018647279e-05,5.775187272688231e-05,40.00000000000001,25.0
0,13156.964999999685,13156.964886261743,8.273531695909574e-05,9.286359108928754e-05,40.00000000000001,25.0
0,13156.969999999685,13156.970029983591,8.98521584128977e-05,0.00011536040256510563,40.00000000000001,25.0
0,13156.974999999684,13156.975013934902,9.521443676223585e-05,0.00017502898223788606,40.00000000000001,25.0
0,13156.979999999683,13156.979969436687,9.601705835385286e-05,8.506915837044026e-05,40.00000000000001,25.0
0,13156.984999999682,13156.98494289792,9.124293301594519e-05,8.626658608425517e-05,40.00000000000001,25.0
0,13156.989999999681,13156.989937580462,8.241224176157252e-05,8.580569016045217e-05,40.00000000000001,25.0
0,13156.99499999968,13156.994984773946,7.243748029147495e-05,0.00016784760827456998,40.00000000000001,25.0
0,13156.99999999968,13157.000050221526,6.38776908530591e-05,0.00010984133923419204,40.00000000000001,25.0
0,13157.004999999679,13157.004937176309,5.779221648656619e-05,0.00010953137716202848,40.00000000000001,25.0
0,13157.009999999678,13157.01006539121,5.3939001219279885e-05,7.999013745115682e-05,40.00000000000001,25.0
0,13157.014999999677,13157.014989528094,5.155141834043339e-05,5.675054930225853e-05,40.00000000000001,25.0
0,13157.019999999677,13157.0200732121,4.994036160916587e-05,0.00012055258105177986,40.00000000000001,25.0
0,13157.024999999676,13157.025028861703,4.8688920530420246e-05,8.020250125186811e-05,40.00000000000001,25.0
0,13157.029999999675,13157.029982658238,4.760091563074026e-05,6.120255249516762e-05,40.00000000000001,25.0
0,13157.034999999674,13157.035074721838,4.659914347245728e-05,5.525305624841235e-05,40.00000000000001,25.0
0,13157.039999999673,13157.040041625873,4.5656788881491095e-05,3.689574090363417e-05,40.00000000000001,25.0
0,13157.044999999673,13157.044998990657,4.4766061975270596e-05,2.4212135003302985e-05,40.00000000000001,25.0
0,13157.049999999672,13157.05003294606,4.392784646544401e-05,8.238277674286676e-05,40.00000000000001,25.0
0,13157.054999999671,13157.054919038143,4.3152128763559605e-05,8.544402262673396e-05,40.00000000000001,25.0
0,13157.05999999967,13157.060005771986,2.8919413583510198e-05,5.041170304057171e-05,40.00000000000001,25.0
0,13157.06499999967,13157.06500201237,2.85986940736318e-05,8.50835453308777e-05,40.00000000000001,25.0
0,13157.069999999669,13157.06996085891,2.87236628369732e-05,6.206535860332696e-05,40.00000000000001,25.0
0,13157.074999999668,13157.07503875749,2.994015958813594e-05,8.463172336661476e-05,40.00000000000001,25.0
0,13157.079999999667,13157.079984849322,3.3560794118437015e-05,-1.0672713200343756e-05,40.00000000000001,25.0
0,13157.084999999666,13157.085066005413,4.161552499332133e-05,3.408081879718083e-05,40.00000000000001,25.0
0,13157.089999999665,13157.089968043296,5.608903317686641e-05,4.233812198681048e-05,40.00000000000001,25.0
0,13157.094999999665,13157.095000650397,7.703997408629069e-05,7.697137612934149e-05,40.00000000000001,25.0
0,13157.099999999664,13157.099980212111,0.00010058901535766664,0.00018696553499790948,40.00000000000001,25.0
0,13157.104999999663,13157.105049382291,0.00011907832852731841,0.0001719275481051927,40.00000000000001,25.0
0,13157.109999999662,13157.110043840834,0.00012476076132460928,0.00010725278328113884,40.00000000000001,25.0
0,13157.114999999661,13157.11486388236,0.0001148627977091828,0.00014304157547693995,40.00000000000001,25.0
0,13157.11999999966,13157.12002925089,9.35851432103069e-05,2.7808174728401753e-05,40.00000000000001,25.0
0,13157.12499999966,13157.12499687809,6.91052099798462e-05,0.00015219975401261864,40.00000000000001,25.0
0,13157.129999999659,13157.130114834441,4.8450785164706545e-05,9.036828197528179e-05,40.00000000000001,25.0
0,13157.134999999658,13157.135037031507,3.45383120600823e-05,2.6497389102793823e-05,40.00000000000001,25.0
0,13157.139999999657,13157.140002608367,2.668864002168829e-05,4.465126964726218e-05,40.00000000000001,25.0
0,13157.144999999657,13157.145016366412,2.278045017306932e-05,7.515442467815392e-05,40.00000000000001,25.0
0,13157.149999999656,13157.149981463745,2.0912051118840344e-05,2.506296573875396e-05,40.00000000000001,25.0
0,13157.154999999655,13157.155011429139,1.9935231934720102e-05,1.3612409929089543e-05,40.00000000000001,25.0
0,13157.159999999654,13157.159986337036,1.93105907426079e-05,2.8717826562896256e-05,40.00000000000001,25.0
0,13157.164999999653,13157.165027311023,1.8825464369013227e-05,4.091336217327744e-05,40.00000000000001,25.0
0,13157.169999999653,13157.169969062714,1.839753195123428e-05,4.990740367177227e-05,40.00000000000001,25.0
0,13157.174999999652,13157.174955506323,1.801198616827286e-05,3.021683801028591e-05,40.00000000000001,25.0
0,13157.179999999651,13157.180027284909,1.7651118216656913e-05,-2.8403416851558363e-05,40.00000000000001,25.0
0,13157.18499999965,13157.184965711156,1.7309212723963085e-05,4.848674292405646e-05,40.00000000000001,25.0
0,13157.18999999965,13157.19001415236,1.698286638777013e-05,4.744267473794941e-05,40.00000000000001,25.0
0,13157.194999999649,13157.194983837022,1.6669824395129943e-05,7.178796648450137e-06,40.00000000000001,25.0
0,13157.199999999648,13157.199947427436,1.6368488352401368e-05,8.11419421752254e-06,40.00000000000001,25.0
0,13157.204999999647,13157.204965267365,1.607766913761164e-05,-0.00010352835988789289,40.00000000000001,25.0
0,13157.209999999646,13157.209888665062,1.5796447675949438e-05,1.1484785767791944e-05,40.00000000000001,25.0
0,13157.214999999645,13157.214958741824,1.552409068676786e-05,-1.1674454286403912e-05,40.00000000000001,25.0
0,13157.219999999645,13157.220039912985,1.525999713160096e-05,5.281792593679695e-05,40.00000000000001,25.0
0,13157.224999999644,13157.225092039138,1.5003654105804707e-05,1.9449783300764715e-05,40.00000000000001,25.0
0,13157.229999999643,13157.22992914008,1.4754648556026735e-05,4.546470369223257e-06,40.00000000000001,25.0
0,13157.234999999642,13157.23498165832,1.451259570643953e-05,-4.752861893975803e-06,40.00000000000001,25.0
0,13157.239999999641,13157.240008412182,1.4277164366522277e-05,7.032153150823267e-05,40.00000000000001,25.0
0,13157.24499999964,13157.245014538776,1.4048058629583922e-05,9.334644521019809e-06,40.00000000000001,25.0
0,13157.24999999964,13157.249989201386,1.3825011368855358e-05,1.567716376088077e-05,40.00000000000001,25.0
0,13157.254999999639,13157.25503911164,1.3607779324612056e-05,-2.5501823581626232e-05,40.00000000000001,25.0
0,13157.259999999638,13157.260053197944,1.3396139335122928e-05,1.6972681965422372e-05,40.00000000000001,25.0
0,13157.264999999637,13157.26499309338,1.3189885403379678e-05,3.050214668072624e-07,40.00000000000001,25.0
0,13157.269999999637,13157.270011064571,1.2988826383637317e-05,4.113876100114653e-06,40.00000000000001,25.0
0,13157.274999999636,13157.274950560199,1.2760375158698342e-05,1.9608804095760922e-05,40.00000000000001,25.0
0,13157.279999999635,13157.28011780982,1.2569602568804992e-05,-1.945078495416464e-05,40.00000000000001,25.0
0,13157.284999999634,13157.285040511193,1.2383515686655582e-05,3.323385106870504e-05,40.00000000000001,25.0
0,13157.289999999633,13157.290032900773,1.2201967670706142e-05,-1.1659451046553942e-05,40.00000000000001,25.0
0,13157.294999999633,13157.295019353076,1.2024820125595344e-05,3.8050567051422626e-05,40.00000000000001,25.0
0,13157.299999999632,13157.299986062095,1.185194240146284e-05,3.067111864781877e-05,40.00000000000001,25.0
0,13157.304999999631,13157.304949183726,1.1683211002264716e-05,1.3154808184256558e-05,40.00000000000001,25.0
0,13157.30999999963,13157.309969719237,1.1518509083188227e-05,-5.07083024010092e-05,40.00000000000001,25.0
0,13157.31499999963,13157.315015187982,1.1357726021810152e-05,-6.116550905995244e-06,40.00000000000001,25.0
0,13157.319999999629,13157.319939380675,1.120075705103637e-05,-3.491937070517991e-05,40.00000000000001,25.0
0,13157.324999999628,13157.325035333644,1.104750294449352e-05,-1.3401072105702588e-05,40.00000000000001,25.0
0,13157.329999999627,13157.329956831569,1.0897869747079534e-05,2.818640649259342e-05,40.00000000000001,25.0
0,13157.334999999626,13157.334975845526,1.0751768544926587e-05,1.3174965082072183e-06,40.00000000000001,25.0
0,13157.339999999625,13157.340022391872,1.0609115270415291e-05,-3.59562343432011e-05,40.00000000000001,25.0
0,13157.344999999625,13157.345036959621,1.0469830538740168e-05,1.949771079127754e-05,40.00000000000001,25.0
0,13157.349999999624,13157.349965283485,1.0333839513532462e-05,4.172402856503117e-05,40.00000000000001,25.0
0,13157.354999999623,13157.355040821654,1.020104752784596e-05,-2.4574784859586857e-05,40.00000000000001,25.0
0,13157.359999999622,13157.359990654046,1.0071439027966842e-05,4.074304807479252e-05,40.00000000000001,25.0
0,13157.364999999621,13157.36509922857,9.944925882492266e-06,2.869228109777036e-05,40.00000000000001,25.0
0,13157.36999999962,13157.369954497468,9.82145065534079e-06,3.624152091348668e-05,40.00000000000001,25.0
0,13157.37499999962,13157.375008455807,9.70096017488669e-06,5.643755954339907e-05,40.00000000000001,25.0
0,13157.379999999619,13157.380070752102,9.583405554947885e-06,1.7113316864701676e-05,40.00000000000001,25.0
0,13157.384999999618,13157.384932721727,9.468742243109214e-06,-2.2605245814885375e-05,40.00000000000001,25.0
0,13157.389999999617,13157.390056769029,9.356930098174394e-06,-6.536800007495401e-06,40.00000000000001,25.0
0,13157.394999999617,13157.395020343167,9.247933499139504e-06,4.917400523612112e-05,40.00000000000001,25.0
0,13157.399999999616,13157.39999994966,3.6420540989947617e-07,-1.312128459709308e-05,40.00000000000001,25.0
0,13157.404999999615,13157.404969823336,3.7382653946944975e-07,1.3752517649328153e-05,40.00000000000001,25.0
0,13157.409999999614,13157.409997644487,3.841324970833668e-07,2.3283780903488226e-05,40.00000000000001,25.0
0,13157.414999999613,13157.415037990553,3.9497434666405333e-07,-3.2352725426048322e-06,40.00000000000001,25.0
0,13157.419999999613,13157.420006825825,4.0648458791743927e-07,1.6873821972795373e-05,40.00000000000001,25.0
0,13157.424999999612,13157.425001654547,4.187102221314597e-07,8.874866502351284e-06,40.00000000000001,25.0
0,13157.429999999611,13157.429955786203,4.3170324901354264e-07,4.825424991728354e-06,40.00000000000001,25.0
0,13157.43499999961,13157.435029119706,4.455212843498392e-07,-5.116207077205301e-05,40.00000000000001,25.0
0,13157.43999999961,13157.440081349472,4.602282785697918e-07,-4.705946027671076e-05,40.00000000000001,25.0
0,13157.444999999609,13157.44504186525,4.7184676601898476e-07,-2.363508489223846e-05,40.00000000000001,25.0
0,13157.449999999608,13157.450006686384,4.886050704732773e-07,3.1409418638783176e-05,40.00000000000001,25.0
0,13157.454999999607,13157.454952696276,5.064903388515162e-07,2.696350520754064e-06,40.00000000000001,25.0
0,13157.459999999606,13157.460029264172,5.256018665391856e-07,2.7641628495239574e-05,40.00000000000001,25.0
0,13157.464999999605,13157.464966033811,5.460512493869236e-07,5.5843338593391186e-05,40.00000000000001,25.0
0,13157.469999999605,13157.469974857784,5.679643217833462e-07,2.1155043973101467e-06,40.00000000000001,25.0
0,13157.474999999604,13157.47495601375,5.914834847872443e-07,-5.226905511666788e-05,40.00000000000001,25.0
0,13157.479999999603,13157.479943174196,6.167705207190854e-07,1.4091195008974236e-05,40.00000000000001,25.0
0,13157.484999999602,13157.485005647928,6.440100194687981e-07,3.052803960476008e-05,40.00000000000001,25.0
0,13157.489999999601,13157.49009757365,6.521740305909681e-07,2.792603153708879e-05,40.00000000000001,25.0
0,13157.4949999996,13157.494979005995,6.847606648441355e-07,-1.485366957474047e-05,40.00000000000001,25.0
0,13157.4999999996,13157.499930139622,7.195885636807137e-07,3.638819616750374e-05,40.00000000000001,25.0
