Pressure (MPa),295,295.1,295.2,295.3,295.4,295.5,295.6,295.7,295.8,295.9,296,296.1,296.2,296.3,296.4,296.5,296.6,296.7,296.8,296.9,297,297.1,297.2,297.3,297.4,297.5,297.6,297.7,297.8,297.9,298,298.1,298.2,298.3,298.4,298.5,298.6,298.7,298.8,298.9,299,299.1,299.2,299.3,299.4,299.5,299.6,299.7,299.8,299.9,300
0.00133,1,1,1,1,1,1,1,1,1,1,1,1,1,1,1,1,1,1,1,1,1,1,1,1,1,1,1,1,1,1,1,1,1,1,1,1,1,1,1,1,1,1,1,1,1,1,1,1,1,1,1
0.002,1,1,1,1,1,1,1,1,1,1,1,1,1,1,1,1,1,1,1,1,1,1,1,1,1,1,1,1,1,1,1,1,1,1,1,1,1,1,1,1,1,1,1,1,1,1,1,1,1,1,1
0.00267,0.99999,0.99999,0.99999,0.99999,0.99999,0.99999,0.99999,0.99999,0.99999,0.99999,0.99999,0.99999,0.99999,0.99999,0.99999,0.99999,0.99999,0.99999,0.99999,0.99999,0.99999,0.99999,0.99999,0.99999,0.99999,0.99999,0.99999,0.99999,0.99999,0.99999,0.99999,0.99999,0.99999,0.99999,0.99999,0.99999,0.99999,0.99999,0.99999,0.99999,0.99999,0.99999,0.99999,0.99999,0.99999,0.99999,1,1,1,1,1
0.00333,0.99999,0.99999,0.99999,0.99999,0.99999,0.99999,0.99999,0.99999,0.99999,0.99999,0.99999,0.99999,0.99999,0.99999,0.99999,0.99999,0.99999,0.99999,0.99999,0.99999,0.99999,0.99999,0.99999,0.99999,0.99999,0.99999,0.99999,0.99999,0.99999,0.99999,0.99999,0.99999,0.99999,0.99999,0.99999,0.99999,0.99999,0.99999,0.99999,0.99999,0.99999,0.99999,0.99999,0.99999,0.99999,0.99999,0.99999,0.99999,0.99999,0.99999,0.99999
0.004,0.99999,0.99999,0.99999,0.99999,0.99999,0.99999,0.99999,0.99999,0.99999,0.99999,0.99999,0.99999,0.99999,0.99999,0.99999,0.99999,0.99999,0.99999,0.99999,0.99999,0.99999,0.99999,0.99999,0.99999,0.99999,0.99999,0.99999,0.99999,0.99999,0.99999,0.99999,0.99999,0.99999,0.99999,0.99999,0.99999,0.99999,0.99999,0.99999,0.99999,0.99999,0.99999,0.99999,0.99999,0.99999,0.99999,0.99999,0.99999,0.99999,0.99999,0.99999
0.00467,0.99999,0.99999,0.99999,0.99999,0.99999,0.99999,0.99999,0.99999,0.99999,0.99999,0.99999,0.99999,0.99999,0.99999,0.99999,0.99999,0.99999,0.99999,0.99999,0.99999,0.99999,0.99999,0.99999,0.99999,0.99999,0.99999,0.99999,0.99999,0.99999,0.99999,0.99999,0.99999,0.99999,0.99999,0.99999,0.99999,0.99999,0.99999,0.99999,0.99999,0.99999,0.99999,0.99999,0.99999,0.99999,0.99999,0.99999,0.99999,0.99999,0.99999,0.99999
0.00533,0.99999,0.99999,0.99999,0.99999,0.99999,0.99999,0.99999,0.99999,0.99999,0.99999,0.99999,0.99999,0.99999,0.99999,0.99999,0.99999,0.99999,0.99999,0.99999,0.99999,0.99999,0.99999,0.99999,0.99999,0.99999,0.99999,0.99999,0.99999,0.99999,0.99999,0.99999,0.99999,0.99999,0.99999,0.99999,0.99999,0.99999,0.99999,0.99999,0.99999,0.99999,0.99999,0.99999,0.99999,0.99999,0.99999,0.99999,0.99999,0.99999,0.99999,0.99999
0.006,0.99999,0.99999,0.99999,0.99999,0.99999,0.99999,0.99999,0.99999,0.99999,0.99999,0.99999,0.99999,0.99999,0.99999,0.99999,0.99999,0.99999,0.99999,0.99999,0.99999,0.99999,0.99999,0.99999,0.99999,0.99999,0.99999,0.99999,0.99999,0.99999,0.99999,0.99999,0.99999,0.99999,0.99999,0.99999,0.99999,0.99999,0.99999,0.99999,0.99999,0.99999,0.99999,0.99999,0.99999,0.99999,0.99999,0.99999,0.99999,0.99999,0.99999,0.99999
0.00667,0.99998,0.99998,0.99999,0.99999,0.99999,0.99999,0.99999,0.99999,0.99999,0.99999,0.99999,0.99999,0.99999,0.99999,0.99999,0.99999,0.99999,0.99999,0.99999,0.99999,0.99999,0.99999,0.99999,0.99999,0.99999,0.99999,0.99999,0.99999,0.99999,0.99999,0.99999,0.99999,0.99999,0.99999,0.99999,0.99999,0.99999,0.99999,0.99999,0.99999,0.99999,0.99999,0.99999,0.99999,0.99999,0.99999,0.99999,0.99999,0.99999,0.99999,0.99999
0.00733,0.99998,0.99998,0.99998,0.99998,0.99998,0.99998,0.99998,0.99998,0.99998,0.99998,0.99998,0.99998,0.99998,0.99998,0.99998,0.99998,0.99998,0.99998,0.99998,0.99998,0.99998,0.99998,0.99998,0.99998,0.99998,0.99999,0.99999,0.99999,0.99999,0.99999,0.99999,0.99999,0.99999,0.99999,0.99999,0.99999,0.99999,0.99999,0.99999,0.99999,0.99999,0.99999,0.99999,0.99999,0.99999,0.99999,0.99999,0.99999,0.99999,0.99999,0.99999
0.008,0.99998,0.99998,0.99998,0.99998,0.99998,0.99998,0.99998,0.99998,0.99998,0.99998,0.99998,0.99998,0.99998,0.99998,0.99998,0.99998,0.99998,0.99998,0.99998,0.99998,0.99998,0.99998,0.99998,0.99998,0.99998,0.99998,0.99998,0.99998,0.99998,0.99998,0.99998,0.99998,0.99998,0.99998,0.99998,0.99998,0.99998,0.99998,0.99998,0.99998,0.99998,0.99998,0.99998,0.99998,0.99998,0.99998,0.99999,0.99999,0.99999,0.99999,0.99999
0.00867,0.99998,0.99998,0.99998,0.99998,0.99998,0.99998,0.99998,0.99998,0.99998,0.99998,0.99998,0.99998,0.99998,0.99998,0.99998,0.99998,0.99998,0.99998,0.99998,0.99998,0.99998,0.99998,0.99998,0.99998,0.99998,0.99998,0.99998,0.99998,0.99998,0.99998,0.99998,0.99998,0.99998,0.99998,0.99998,0.99998,0.99998,0.99998,0.99998,0.99998,0.99998,0.99998,0.99998,0.99998,0.99998,0.99998,0.99998,0.99998,0.99998,0.99998,0.99998
0.00933,0.99998,0.99998,0.99998,0.99998,0.99998,0.99998,0.99998,0.99998,0.99998,0.99998,0.99998,0.99998,0.99998,0.99998,0.99998,0.99998,0.99998,0.99998,0.99998,0.99998,0.99998,0.99998,0.99998,0.99998,0.99998,0.99998,0.99998,0.99998,0.99998,0.99998,0.99998,0.99998,0.99998,0.99998,0.99998,0.99998,0.99998,0.99998,0.99998,0.99998,0.99998,0.99998,0.99998,0.99998,0.99998,0.99998,0.99998,0.99998,0.99998,0.99998,0.99998
0.01,0.99998,0.99998,0.99998,0.99998,0.99998,0.99998,0.99998,0.99998,0.99998,0.99998,0.99998,0.99998,0.99998,0.99998,0.99998,0.99998,0.99998,0.99998,0.99998,0.99998,0.99998,0.99998,0.99998,0.99998,0.99998,0.99998,0.99998,0.99998,0.99998,0.99998,0.99998,0.99998,0.99998,0.99998,0.99998,0.99998,0.99998,0.99998,0.99998,0.99998,0.99998,0.99998,0.99998,0.99998,0.99998,0.99998,0.99998,0.99998,0.99998,0.99998,0.99998
0.01067,0.99998,0.99998,0.99998,0.99998,0.99998,0.99998,0.99998,0.99998,0.99998,0.99998,0.99998,0.99998,0.99998,0.99998,0.99998,0.99998,0.99998,0.99998,0.99998,0.99998,0.99998,0.99998,0.99998,0.99998,0.99998,0.99998,0.99998,0.99998,0.99998,0.99998,0.99998,0.99998,0.99998,0.99998,0.99998,0.99998,0.99998,0.99998,0.99998,0.99998,0.99998,0.99998,0.99998,0.99998,0.99998,0.99998,0.99998,0.99998,0.99998,0.99998,0.99998
0.01133,0.99997,0.99997,0.99997,0.99997,0.99997,0.99997,0.99997,0.99998,0.99998,0.99998,0.99998,0.99998,0.99998,0.99998,0.99998,0.99998,0.99998,0.99998,0.99998,0.99998,0.99998,0.99998,0.99998,0.99998,0.99998,0.99998,0.99998,0.99998,0.99998,0.99998,0.99998,0.99998,0.99998,0.99998,0.99998,0.99998,0.99998,0.99998,0.99998,0.99998,0.99998,0.99998,0.99998,0.99998,0.99998,0.99998,0.99998,0.99998,0.99998,0.99998,0.99998
0.012,0.99997,0.99997,0.99997,0.99997,0.99997,0.99997,0.99997,0.99997,0.99997,0.99997,0.99997,0.99997,0.99997,0.99997,0.99997,0.99997,0.99997,0.99997,0.99997,0.99997,0.99997,0.99998,0.99998,0.99998,0.99998,0.99998,0.99998,0.99998,0.99998,0.99998,0.99998,0.99998,0.99998,0.99998,0.99998,0.99998,0.99998,0.99998,0.99998,0.99998,0.99998,0.99998,0.99998,0.99998,0.99998,0.99998,0.99998,0.99998,0.99998,0.99998,0.99998
0.01267,0.99997,0.99997,0.99997,0.99997,0.99997,0.99997,0.99997,0.99997,0.99997,0.99997,0.99997,0.99997,0.99997,0.99997,0.99997,0.99997,0.99997,0.99997,0.99997,0.99997,0.99997,0.99997,0.99997,0.99997,0.99997,0.99997,0.99997,0.99997,0.99997,0.99997,0.99997,0.99997,0.99997,0.99997,0.99998,0.99998,0.99998,0.99998,0.99998,0.99998,0.99998,0.99998,0.99998,0.99998,0.99998,0.99998,0.99998,0.99998,0.99998,0.99998,0.99998
0.01333,0.99997,0.99997,0.99997,0.99997,0.99997,0.99997,0.99997,0.99997,0.99997,0.99997,0.99997,0.99997,0.99997,0.99997,0.99997,0.99997,0.99997,0.99997,0.99997,0.99997,0.99997,0.99997,0.99997,0.99997,0.99997,0.99997,0.99997,0.99997,0.99997,0.99997,0.99997,0.99997,0.99997,0.99997,0.99997,0.99997,0.99997,0.99997,0.99997,0.99997,0.99997,0.99997,0.99997,0.99997,0.99997,0.99998,0.99998,0.99998,0.99998,0.99998,0.99998
0.014,0.99997,0.99997,0.99997,0.99997,0.99997,0.99997,0.99997,0.99997,0.99997,0.99997,0.99997,0.99997,0.99997,0.99997,0.99997,0.99997,0.99997,0.99997,0.99997,0.99997,0.99997,0.99997,0.99997,0.99997,0.99997,0.99997,0.99997,0.99997,0.99997,0.99997,0.99997,0.99997,0.99997,0.99997,0.99997,0.99997,0.99997,0.99997,0.99997,0.99997,0.99997,0.99997,0.99997,0.99997,0.99997,0.99997,0.99997,0.99997,0.99997,0.99997,0.99997
0.01467,0.99997,0.99997,0.99997,0.99997,0.99997,0.99997,0.99997,0.99997,0.99997,0.99997,0.99997,0.99997,0.99997,0.99997,0.99997,0.99997,0.99997,0.99997,0.99997,0.99997,0.99997,0.99997,0.99997,0.99997,0.99997,0.99997,0.99997,0.99997,0.99997,0.99997,0.99997,0.99997,0.99997,0.99997,0.99997,0.99997,0.99997,0.99997,0.99997,0.99997,0.99997,0.99997,0.99997,0.99997,0.99997,0.99997,0.99997,0.99997,0.99997,0.99997,0.99997
0.01533,0.99997,0.99997,0.99997,0.99997,0.99997,0.99997,0.99997,0.99997,0.99997,0.99997,0.99997,0.99997,0.99997,0.99997,0.99997,0.99997,0.99997,0.99997,0.99997,0.99997,0.99997,0.99997,0.99997,0.99997,0.99997,0.99997,0.99997,0.99997,0.99997,0.99997,0.99997,0.99997,0.99997,0.99997,0.99997,0.99997,0.99997,0.99997,0.99997,0.99997,0.99997,0.99997,0.99997,0.99997,0.99997,0.99997,0.99997,0.99997,0.99997,0.99997,0.99997
0.016,0.99996,0.99996,0.99996,0.99996,0.99996,0.99996,0.99996,0.99996,0.99996,0.99997,0.99997,0.99997,0.99997,0.99997,0.99997,0.99997,0.99997,0.99997,0.99997,0.99997,0.99997,0.99997,0.99997,0.99997,0.99997,0.99997,0.99997,0.99997,0.99997,0.99997,0.99997,0.99997,0.99997,0.99997,0.99997,0.99997,0.99997,0.99997,0.99997,0.99997,0.99997,0.99997,0.99997,0.99997,0.99997,0.99997,0.99997,0.99997,0.99997,0.99997,0.99997
0.01667,0.99996,0.99996,0.99996,0.99996,0.99996,0.99996,0.99996,0.99996,0.99996,0.99996,0.99996,0.99996,0.99996,0.99996,0.99996,0.99996,0.99996,0.99996,0.99996,0.99997,0.99997,0.99997,0.99997,0.99997,0.99997,0.99997,0.99997,0.99997,0.99997,0.99997,0.99997,0.99997,0.99997,0.99997,0.99997,0.99997,0.99997,0.99997,0.99997,0.99997,0.99997,0.99997,0.99997,0.99997,0.99997,0.99997,0.99997,0.99997,0.99997,0.99997,0.99997
0.01733,0.99996,0.99996,0.99996,0.99996,0.99996,0.99996,0.99996,0.99996,0.99996,0.99996,0.99996,0.99996,0.99996,0.99996,0.99996,0.99996,0.99996,0.99996,0.99996,0.99996,0.99996,0.99996,0.99996,0.99996,0.99996,0.99996,0.99996,0.99996,0.99997,0.99997,0.99997,0.99997,0.99997,0.99997,0.99997,0.99997,0.99997,0.99997,0.99997,0.99997,0.99997,0.99997,0.99997,0.99997,0.99997,0.99997,0.99997,0.99997,0.99997,0.99997,0.99997
0.018,0.99996,0.99996,0.99996,0.99996,0.99996,0.99996,0.99996,0.99996,0.99996,0.99996,0.99996,0.99996,0.99996,0.99996,0.99996,0.99996,0.99996,0.99996,0.99996,0.99996,0.99996,0.99996,0.99996,0.99996,0.99996,0.99996,0.99996,0.99996,0.99996,0.99996,0.99996,0.99996,0.99996,0.99996,0.99996,0.99996,0.99996,0.99997,0.99997,0.99997,0.99997,0.99997,0.99997,0.99997,0.99997,0.99997,0.99997,0.99997,0.99997,0.99997,0.99997
0.01867,0.99996,0.99996,0.99996,0.99996,0.99996,0.99996,0.99996,0.99996,0.99996,0.99996,0.99996,0.99996,0.99996,0.99996,0.99996,0.99996,0.99996,0.99996,0.99996,0.99996,0.99996,0.99996,0.99996,0.99996,0.99996,0.99996,0.99996,0.99996,0.99996,0.99996,0.99996,0.99996,0.99996,0.99996,0.99996,0.99996,0.99996,0.99996,0.99996,0.99996,0.99996,0.99996,0.99996,0.99996,0.99996,0.99997,0.99997,0.99997,0.99997,0.99997,0.99997
0.01933,0.99996,0.99996,0.99996,0.99996,0.99996,0.99996,0.99996,0.99996,0.99996,0.99996,0.99996,0.99996,0.99996,0.99996,0.99996,0.99996,0.99996,0.99996,0.99996,0.99996,0.99996,0.99996,0.99996,0.99996,0.99996,0.99996,0.99996,0.99996,0.99996,0.99996,0.99996,0.99996,0.99996,0.99996,0.99996,0.99996,0.99996,0.99996,0.99996,0.99996,0.99996,0.99996,0.99996,0.99996,0.99996,0.99996,0.99996,0.99996,0.99996,0.99996,0.99996
0.02,0.99995,0.99995,0.99996,0.99996,0.99996,0.99996,0.99996,0.99996,0.99996,0.99996,0.99996,0.99996,0.99996,0.99996,0.99996,0.99996,0.99996,0.99996,0.99996,0.99996,0.99996,0.99996,0.99996,0.99996,0.99996,0.99996,0.99996,0.99996,0.99996,0.99996,0.99996,0.99996,0.99996,0.99996,0.99996,0.99996,0.99996,0.99996,0.99996,0.99996,0.99996,0.99996,0.99996,0.99996,0.99996,0.99996,0.99996,0.99996,0.99996,0.99996,0.99996
0.02066,0.99995,0.99995,0.99995,0.99995,0.99995,0.99995,0.99995,0.99995,0.99995,0.99995,0.99996,0.99996,0.99996,0.99996,0.99996,0.99996,0.99996,0.99996,0.99996,0.99996,0.99996,0.99996,0.99996,0.99996,0.99996,0.99996,0.99996,0.99996,0.99996,0.99996,0.99996,0.99996,0.99996,0.99996,0.99996,0.99996,0.99996,0.99996,0.99996,0.99996,0.99996,0.99996,0.99996,0.99996,0.99996,0.99996,0.99996,0.99996,0.99996,0.99996,0.99996
0.02133,0.99995,0.99995,0.99995,0.99995,0.99995,0.99995,0.99995,0.99995,0.99995,0.99995,0.99995,0.99995,0.99995,0.99995,0.99995,0.99995,0.99995,0.99995,0.99996,0.99996,0.99996,0.99996,0.99996,0.99996,0.99996,0.99996,0.99996,0.99996,0.99996,0.99996,0.99996,0.99996,0.99996,0.99996,0.99996,0.99996,0.99996,0.99996,0.99996,0.99996,0.99996,0.99996,0.99996,0.99996,0.99996,0.99996,0.99996,0.99996,0.99996,0.99996,0.99996
0.022,0.99995,0.99995,0.99995,0.99995,0.99995,0.99995,0.99995,0.99995,0.99995,0.99995,0.99995,0.99995,0.99995,0.99995,0.99995,0.99995,0.99995,0.99995,0.99995,0.99995,0.99995,0.99995,0.99995,0.99995,0.99995,0.99996,0.99996,0.99996,0.99996,0.99996,0.99996,0.99996,0.99996,0.99996,0.99996,0.99996,0.99996,0.99996,0.99996,0.99996,0.99996,0.99996,0.99996,0.99996,0.99996,0.99996,0.99996,0.99996,0.99996,0.99996,0.99996
0.02266,0.99995,0.99995,0.99995,0.99995,0.99995,0.99995,0.99995,0.99995,0.99995,0.99995,0.99995,0.99995,0.99995,0.99995,0.99995,0.99995,0.99995,0.99995,0.99995,0.99995,0.99995,0.99995,0.99995,0.99995,0.99995,0.99995,0.99995,0.99995,0.99995,0.99995,0.99995,0.99995,0.99996,0.99996,0.99996,0.99996,0.99996,0.99996,0.99996,0.99996,0.99996,0.99996,0.99996,0.99996,0.99996,0.99996,0.99996,0.99996,0.99996,0.99996,0.99996
0.02333,0.99995,0.99995,0.99995,0.99995,0.99995,0.99995,0.99995,0.99995,0.99995,0.99995,0.99995,0.99995,0.99995,0.99995,0.99995,0.99995,0.99995,0.99995,0.99995,0.99995,0.99995,0.99995,0.99995,0.99995,0.99995,0.99995,0.99995,0.99995,0.99995,0.99995,0.99995,0.99995,0.99995,0.99995,0.99995,0.99995,0.99995,0.99995,0.99995,0.99996,0.99996,0.99996,0.99996,0.99996,0.99996,0.99996,0.99996,0.99996,0.99996,0.99996,0.99996
0.024,0.99995,0.99995,0.99995,0.99995,0.99995,0.99995,0.99995,0.99995,0.99995,0.99995,0.99995,0.99995,0.99995,0.99995,0.99995,0.99995,0.99995,0.99995,0.99995,0.99995,0.99995,0.99995,0.99995,0.99995,0.99995,0.99995,0.99995,0.99995,0.99995,0.99995,0.99995,0.99995,0.99995,0.99995,0.99995,0.99995,0.99995,0.99995,0.99995,0.99995,0.99995,0.99995,0.99995,0.99995,0.99995,0.99996,0.99996,0.99996,0.99996,0.99996,0.99996
0.02466,0.99994,0.99994,0.99994,0.99994,0.99995,0.99995,0.99995,0.99995,0.99995,0.99995,0.99995,0.99995,0.99995,0.99995,0.99995,0.99995,0.99995,0.99995,0.99995,0.99995,0.99995,0.99995,0.99995,0.99995,0.99995,0.99995,0.99995,0.99995,0.99995,0.99995,0.99995,0.99995,0.99995,0.99995,0.99995,0.99995,0.99995,0.99995,0.99995,0.99995,0.99995,0.99995,0.99995,0.99995,0.99995,0.99995,0.99995,0.99995,0.99995,0.99995,0.99995
0.02533,0.99994,0.99994,0.99994,0.99994,0.99994,0.99994,0.99994,0.99994,0.99994,0.99994,0.99995,0.99995,0.99995,0.99995,0.99995,0.99995,0.99995,0.99995,0.99995,0.99995,0.99995,0.99995,0.99995,0.99995,0.99995,0.99995,0.99995,0.99995,0.99995,0.99995,0.99995,0.99995,0.99995,0.99995,0.99995,0.99995,0.99995,0.99995,0.99995,0.99995,0.99995,0.99995,0.99995,0.99995,0.99995,0.99995,0.99995,0.99995,0.99995,0.99995,0.99995
0.026,0.99994,0.99994,0.99994,0.99994,0.99994,0.99994,0.99994,0.99994,0.99994,0.99994,0.99994,0.99994,0.99994,0.99994,0.99994,0.99994,0.99994,0.99995,0.99995,0.99995,0.99995,0.99995,0.99995,0.99995,0.99995,0.99995,0.99995,0.99995,0.99995,0.99995,0.99995,0.99995,0.99995,0.99995,0.99995,0.99995,0.99995,0.99995,0.99995,0.99995,0.99995,0.99995,0.99995,0.99995,0.99995,0.99995,0.99995,0.99995,0.99995,0.99995,0.99995
0.02666,0.99994,0.99994,0.99994,0.99994,0.99994,0.99994,0.99994,0.99994,0.99994,0.99994,0.99994,0.99994,0.99994,0.99994,0.99994,0.99994,0.99994,0.99994,0.99994,0.99994,0.99994,0.99994,0.99994,0.99995,0.99995,0.99995,0.99995,0.99995,0.99995,0.99995,0.99995,0.99995,0.99995,0.99995,0.99995,0.99995,0.99995,0.99995,0.99995,0.99995,0.99995,0.99995,0.99995,0.99995,0.99995,0.99995,0.99995,0.99995,0.99995,0.99995,0.99995
0.02733,0.99994,0.99994,0.99994,0.99994,0.99994,0.99994,0.99994,0.99994,0.99994,0.99994,0.99994,0.99994,0.99994,0.99994,0.99994,0.99994,0.99994,0.99994,0.99994,0.99994,0.99994,0.99994,0.99994,0.99994,0.99994,0.99994,0.99994,0.99994,0.99994,0.99995,0.99995,0.99995,0.99995,0.99995,0.99995,0.99995,0.99995,0.99995,0.99995,0.99995,0.99995,0.99995,0.99995,0.99995,0.99995,0.99995,0.99995,0.99995,0.99995,0.99995,0.99995
0.028,0.99994,0.99994,0.99994,0.99994,0.99994,0.99994,0.99994,0.99994,0.99994,0.99994,0.99994,0.99994,0.99994,0.99994,0.99994,0.99994,0.99994,0.99994,0.99994,0.99994,0.99994,0.99994,0.99994,0.99994,0.99994,0.99994,0.99994,0.99994,0.99994,0.99994,0.99994,0.99994,0.99994,0.99994,0.99995,0.99995,0.99995,0.99995,0.99995,0.99995,0.99995,0.99995,0.99995,0.99995,0.99995,0.99995,0.99995,0.99995,0.99995,0.99995,0.99995
0.02866,0.99994,0.99994,0.99994,0.99994,0.99994,0.99994,0.99994,0.99994,0.99994,0.99994,0.99994,0.99994,0.99994,0.99994,0.99994,0.99994,0.99994,0.99994,0.99994,0.99994,0.99994,0.99994,0.99994,0.99994,0.99994,0.99994,0.99994,0.99994,0.99994,0.99994,0.99994,0.99994,0.99994,0.99994,0.99994,0.99994,0.99994,0.99994,0.99994,0.99994,0.99995,0.99995,0.99995,0.99995,0.99995,0.99995,0.99995,0.99995,0.99995,0.99995,0.99995
0.02933,0.99993,0.99993,0.99993,0.99993,0.99993,0.99994,0.99994,0.99994,0.99994,0.99994,0.99994,0.99994,0.99994,0.99994,0.99994,0.99994,0.99994,0.99994,0.99994,0.99994,0.99994,0.99994,0.99994,0.99994,0.99994,0.99994,0.99994,0.99994,0.99994,0.99994,0.99994,0.99994,0.99994,0.99994,0.99994,0.99994,0.99994,0.99994,0.99994,0.99994,0.99994,0.99994,0.99994,0.99994,0.99994,0.99995,0.99995,0.99995,0.99995,0.99995,0.99995
0.03,0.99993,0.99993,0.99993,0.99993,0.99993,0.99993,0.99993,0.99993,0.99993,0.99993,0.99993,0.99994,0.99994,0.99994,0.99994,0.99994,0.99994,0.99994,0.99994,0.99994,0.99994,0.99994,0.99994,0.99994,0.99994,0.99994,0.99994,0.99994,0.99994,0.99994,0.99994,0.99994,0.99994,0.99994,0.99994,0.99994,0.99994,0.99994,0.99994,0.99994,0.99994,0.99994,0.99994,0.99994,0.99994,0.99994,0.99994,0.99994,0.99994,0.99994,0.99995
0.03066,0.99993,0.99993,0.99993,0.99993,0.99993,0.99993,0.99993,0.99993,0.99993,0.99993,0.99993,0.99993,0.99993,0.99993,0.99993,0.99993,0.99994,0.99994,0.99994,0.99994,0.99994,0.99994,0.99994,0.99994,0.99994,0.99994,0.99994,0.99994,0.99994,0.99994,0.99994,0.99994,0.99994,0.99994,0.99994,0.99994,0.99994,0.99994,0.99994,0.99994,0.99994,0.99994,0.99994,0.99994,0.99994,0.99994,0.99994,0.99994,0.99994,0.99994,0.99994
0.03133,0.99993,0.99993,0.99993,0.99993,0.99993,0.99993,0.99993,0.99993,0.99993,0.99993,0.99993,0.99993,0.99993,0.99993,0.99993,0.99993,0.99993,0.99993,0.99993,0.99993,0.99993,0.99994,0.99994,0.99994,0.99994,0.99994,0.99994,0.99994,0.99994,0.99994,0.99994,0.99994,0.99994,0.99994,0.99994,0.99994,0.99994,0.99994,0.99994,0.99994,0.99994,0.99994,0.99994,0.99994,0.99994,0.99994,0.99994,0.99994,0.99994,0.99994,0.99994
0.032,0.99993,0.99993,0.99993,0.99993,0.99993,0.99993,0.99993,0.99993,0.99993,0.99993,0.99993,0.99993,0.99993,0.99993,0.99993,0.99993,0.99993,0.99993,0.99993,0.99993,0.99993,0.99993,0.99993,0.99993,0.99993,0.99993,0.99994,0.99994,0.99994,0.99994,0.99994,0.99994,0.99994,0.99994,0.99994,0.99994,0.99994,0.99994,0.99994,0.99994,0.99994,0.99994,0.99994,0.99994,0.99994,0.99994,0.99994,0.99994,0.99994,0.99994,0.99994
0.03266,0.99993,0.99993,0.99993,0.99993,0.99993,0.99993,0.99993,0.99993,0.99993,0.99993,0.99993,0.99993,0.99993,0.99993,0.99993,0.99993,0.99993,0.99993,0.99993,0.99993,0.99993,0.99993,0.99993,0.99993,0.99993,0.99993,0.99993,0.99993,0.99993,0.99993,0.99993,0.99994,0.99994,0.99994,0.99994,0.99994,0.99994,0.99994,0.99994,0.99994,0.99994,0.99994,0.99994,0.99994,0.99994,0.99994,0.99994,0.99994,0.99994,0.99994,0.99994
0.03333,0.99992,0.99993,0.99993,0.99993,0.99993,0.99993,0.99993,0.99993,0.99993,0.99993,0.99993,0.99993,0.99993,0.99993,0.99993,0.99993,0.99993,0.99993,0.99993,0.99993,0.99993,0.99993,0.99993,0.99993,0.99993,0.99993,0.99993,0.99993,0.99993,0.99993,0.99993,0.99993,0.99993,0.99993,0.99993,0.99993,0.99994,0.99994,0.99994,0.99994,0.99994,0.99994,0.99994,0.99994,0.99994,0.99994,0.99994,0.99994,0.99994,0.99994,0.99994
0.034,0.99992,0.99992,0.99992,0.99992,0.99992,0.99992,0.99993,0.99993,0.99993,0.99993,0.99993,0.99993,0.99993,0.99993,0.99993,0.99993,0.99993,0.99993,0.99993,0.99993,0.99993,0.99993,0.99993,0.99993,0.99993,0.99993,0.99993,0.99993,0.99993,0.99993,0.99993,0.99993,0.99993,0.99993,0.99993,0.99993,0.99993,0.99993,0.99993,0.99993,0.99993,0.99994,0.99994,0.99994,0.99994,0.99994,0.99994,0.99994,0.99994,0.99994,0.99994
0.03466,0.99992,0.99992,0.99992,0.99992,0.99992,0.99992,0.99992,0.99992,0.99992,0.99992,0.99992,0.99993,0.99993,0.99993,0.99993,0.99993,0.99993,0.99993,0.99993,0.99993,0.99993,0.99993,0.99993,0.99993,0.99993,0.99993,0.99993,0.99993,0.99993,0.99993,0.99993,0.99993,0.99993,0.99993,0.99993,0.99993,0.99993,0.99993,0.99993,0.99993,0.99993,0.99993,0.99993,0.99993,0.99993,0.99994,0.99994,0.99994,0.99994,0.99994,0.99994
0.03533,0.99992,0.99992,0.99992,0.99992,0.99992,0.99992,0.99992,0.99992,0.99992,0.99992,0.99992,0.99992,0.99992,0.99992,0.99992,0.99992,0.99993,0.99993,0.99993,0.99993,0.99993,0.99993,0.99993,0.99993,0.99993,0.99993,0.99993,0.99993,0.99993,0.99993,0.99993,0.99993,0.99993,0.99993,0.99993,0.99993,0.99993,0.99993,0.99993,0.99993,0.99993,0.99993,0.99993,0.99993,0.99993,0.99993,0.99993,0.99993,0.99993,0.99994,0.99994
0.036,0.99992,0.99992,0.99992,0.99992,0.99992,0.99992,0.99992,0.99992,0.99992,0.99992,0.99992,0.99992,0.99992,0.99992,0.99992,0.99992,0.99992,0.99992,0.99992,0.99992,0.99993,0.99993,0.99993,0.99993,0.99993,0.99993,0.99993,0.99993,0.99993,0.99993,0.99993,0.99993,0.99993,0.99993,0.99993,0.99993,0.99993,0.99993,0.99993,0.99993,0.99993,0.99993,0.99993,0.99993,0.99993,0.99993,0.99993,0.99993,0.99993,0.99993,0.99993
0.03666,0.99992,0.99992,0.99992,0.99992,0.99992,0.99992,0.99992,0.99992,0.99992,0.99992,0.99992,0.99992,0.99992,0.99992,0.99992,0.99992,0.99992,0.99992,0.99992,0.99992,0.99992,0.99992,0.99992,0.99992,0.99992,0.99993,0.99993,0.99993,0.99993,0.99993,0.99993,0.99993,0.99993,0.99993,0.99993,0.99993,0.99993,0.99993,0.99993,0.99993,0.99993,0.99993,0.99993,0.99993,0.99993,0.99993,0.99993,0.99993,0.99993,0.99993,0.99993
0.03733,0.99992,0.99992,0.99992,0.99992,0.99992,0.99992,0.99992,0.99992,0.99992,0.99992,0.99992,0.99992,0.99992,0.99992,0.99992,0.99992,0.99992,0.99992,0.99992,0.99992,0.99992,0.99992,0.99992,0.99992,0.99992,0.99992,0.99992,0.99992,0.99992,0.99993,0.99993,0.99993,0.99993,0.99993,0.99993,0.99993,0.99993,0.99993,0.99993,0.99993,0.99993,0.99993,0.99993,0.99993,0.99993,0.99993,0.99993,0.99993,0.99993,0.99993,0.99993
0.038,0.99991,0.99991,0.99991,0.99992,0.99992,0.99992,0.99992,0.99992,0.99992,0.99992,0.99992,0.99992,0.99992,0.99992,0.99992,0.99992,0.99992,0.99992,0.99992,0.99992,0.99992,0.99992,0.99992,0.99992,0.99992,0.99992,0.99992,0.99992,0.99992,0.99992,0.99992,0.99992,0.99992,0.99993,0.99993,0.99993,0.99993,0.99993,0.99993,0.99993,0.99993,0.99993,0.99993,0.99993,0.99993,0.99993,0.99993,0.99993,0.99993,0.99993,0.99993
0.03866,0.99991,0.99991,0.99991,0.99991,0.99991,0.99991,0.99991,0.99992,0.99992,0.99992,0.99992,0.99992,0.99992,0.99992,0.99992,0.99992,0.99992,0.99992,0.99992,0.99992,0.99992,0.99992,0.99992,0.99992,0.99992,0.99992,0.99992,0.99992,0.99992,0.99992,0.99992,0.99992,0.99992,0.99992,0.99992,0.99992,0.99992,0.99993,0.99993,0.99993,0.99993,0.99993,0.99993,0.99993,0.99993,0.99993,0.99993,0.99993,0.99993,0.99993,0.99993
0.03933,0.99991,0.99991,0.99991,0.99991,0.99991,0.99991,0.99991,0.99991,0.99991,0.99991,0.99991,0.99992,0.99992,0.99992,0.99992,0.99992,0.99992,0.99992,0.99992,0.99992,0.99992,0.99992,0.99992,0.99992,0.99992,0.99992,0.99992,0.99992,0.99992,0.99992,0.99992,0.99992,0.99992,0.99992,0.99992,0.99992,0.99992,0.99992,0.99992,0.99992,0.99992,0.99993,0.99993,0.99993,0.99993,0.99993,0.99993,0.99993,0.99993,0.99993,0.99993
0.04,0.99991,0.99991,0.99991,0.99991,0.99991,0.99991,0.99991,0.99991,0.99991,0.99991,0.99991,0.99991,0.99991,0.99991,0.99991,0.99992,0.99992,0.99992,0.99992,0.99992,0.99992,0.99992,0.99992,0.99992,0.99992,0.99992,0.99992,0.99992,0.99992,0.99992,0.99992,0.99992,0.99992,0.99992,0.99992,0.99992,0.99992,0.99992,0.99992,0.99992,0.99992,0.99992,0.99992,0.99992,0.99992,0.99993,0.99993,0.99993,0.99993,0.99993,0.99993
0.04066,0.99991,0.99991,0.99991,0.99991,0.99991,0.99991,0.99991,0.99991,0.99991,0.99991,0.99991,0.99991,0.99991,0.99991,0.99991,0.99991,0.99991,0.99991,0.99991,0.99992,0.99992,0.99992,0.99992,0.99992,0.99992,0.99992,0.99992,0.99992,0.99992,0.99992,0.99992,0.99992,0.99992,0.99992,0.99992,0.99992,0.99992,0.99992,0.99992,0.99992,0.99992,0.99992,0.99992,0.99992,0.99992,0.99992,0.99992,0.99992,0.99993,0.99993,0.99993
0.04133,0.99991,0.99991,0.99991,0.99991,0.99991,0.99991,0.99991,0.99991,0.99991,0.99991,0.99991,0.99991,0.99991,0.99991,0.99991,0.99991,0.99991,0.99991,0.99991,0.99991,0.99991,0.99991,0.99991,0.99992,0.99992,0.99992,0.99992,0.99992,0.99992,0.99992,0.99992,0.99992,0.99992,0.99992,0.99992,0.99992,0.99992,0.99992,0.99992,0.99992,0.99992,0.99992,0.99992,0.99992,0.99992,0.99992,0.99992,0.99992,0.99992,0.99992,0.99992
0.042,0.99991,0.99991,0.99991,0.99991,0.99991,0.99991,0.99991,0.99991,0.99991,0.99991,0.99991,0.99991,0.99991,0.99991,0.99991,0.99991,0.99991,0.99991,0.99991,0.99991,0.99991,0.99991,0.99991,0.99991,0.99991,0.99991,0.99991,0.99992,0.99992,0.99992,0.99992,0.99992,0.99992,0.99992,0.99992,0.99992,0.99992,0.99992,0.99992,0.99992,0.99992,0.99992,0.99992,0.99992,0.99992,0.99992,0.99992,0.99992,0.99992,0.99992,0.99992
0.04266,0.9999,0.9999,0.9999,0.9999,0.99991,0.99991,0.99991,0.99991,0.99991,0.99991,0.99991,0.99991,0.99991,0.99991,0.99991,0.99991,0.99991,0.99991,0.99991,0.99991,0.99991,0.99991,0.99991,0.99991,0.99991,0.99991,0.99991,0.99991,0.99991,0.99991,0.99991,0.99992,0.99992,0.99992,0.99992,0.99992,0.99992,0.99992,0.99992,0.99992,0.99992,0.99992,0.99992,0.99992,0.99992,0.99992,0.99992,0.99992,0.99992,0.99992,0.99992
0.04333,0.9999,0.9999,0.9999,0.9999,0.9999,0.9999,0.9999,0.9999,0.99991,0.99991,0.99991,0.99991,0.99991,0.99991,0.99991,0.99991,0.99991,0.99991,0.99991,0.99991,0.99991,0.99991,0.99991,0.99991,0.99991,0.99991,0.99991,0.99991,0.99991,0.99991,0.99991,0.99991,0.99991,0.99991,0.99992,0.99992,0.99992,0.99992,0.99992,0.99992,0.99992,0.99992,0.99992,0.99992,0.99992,0.99992,0.99992,0.99992,0.99992,0.99992,0.99992
0.044,0.9999,0.9999,0.9999,0.9999,0.9999,0.9999,0.9999,0.9999,0.9999,0.9999,0.9999,0.99991,0.99991,0.99991,0.99991,0.99991,0.99991,0.99991,0.99991,0.99991,0.99991,0.99991,0.99991,0.99991,0.99991,0.99991,0.99991,0.99991,0.99991,0.99991,0.99991,0.99991,0.99991,0.99991,0.99991,0.99991,0.99991,0.99991,0.99992,0.99992,0.99992,0.99992,0.99992,0.99992,0.99992,0.99992,0.99992,0.99992,0.99992,0.99992,0.99992
0.04466,0.9999,0.9999,0.9999,0.9999,0.9999,0.9999,0.9999,0.9999,0.9999,0.9999,0.9999,0.9999,0.9999,0.9999,0.9999,0.99991,0.99991,0.99991,0.99991,0.99991,0.99991,0.99991,0.99991,0.99991,0.99991,0.99991,0.99991,0.99991,0.99991,0.99991,0.99991,0.99991,0.99991,0.99991,0.99991,0.99991,0.99991,0.99991,0.99991,0.99991,0.99991,0.99992,0.99992,0.99992,0.99992,0.99992,0.99992,0.99992,0.99992,0.99992,0.99992
0.04533,0.9999,0.9999,0.9999,0.9999,0.9999,0.9999,0.9999,0.9999,0.9999,0.9999,0.9999,0.9999,0.9999,0.9999,0.9999,0.9999,0.9999,0.9999,0.9999,0.99991,0.99991,0.99991,0.99991,0.99991,0.99991,0.99991,0.99991,0.99991,0.99991,0.99991,0.99991,0.99991,0.99991,0.99991,0.99991,0.99991,0.99991,0.99991,0.99991,0.99991,0.99991,0.99991,0.99991,0.99991,0.99991,0.99992,0.99992,0.99992,0.99992,0.99992,0.99992
0.046,0.9999,0.9999,0.9999,0.9999,0.9999,0.9999,0.9999,0.9999,0.9999,0.9999,0.9999,0.9999,0.9999,0.9999,0.9999,0.9999,0.9999,0.9999,0.9999,0.9999,0.9999,0.9999,0.99991,0.99991,0.99991,0.99991,0.99991,0.99991,0.99991,0.99991,0.99991,0.99991,0.99991,0.99991,0.99991,0.99991,0.99991,0.99991,0.99991,0.99991,0.99991,0.99991,0.99991,0.99991,0.99991,0.99991,0.99991,0.99991,0.99992,0.99992,0.99992
0.04666,0.99989,0.9999,0.9999,0.9999,0.9999,0.9999,0.9999,0.9999,0.9999,0.9999,0.9999,0.9999,0.9999,0.9999,0.9999,0.9999,0.9999,0.9999,0.9999,0.9999,0.9999,0.9999,0.9999,0.9999,0.9999,0.9999,0.99991,0.99991,0.99991,0.99991,0.99991,0.99991,0.99991,0.99991,0.99991,0.99991,0.99991,0.99991,0.99991,0.99991,0.99991,0.99991,0.99991,0.99991,0.99991,0.99991,0.99991,0.99991,0.99991,0.99991,0.99991
0.04733,0.99989,0.99989,0.99989,0.99989,0.99989,0.9999,0.9999,0.9999,0.9999,0.9999,0.9999,0.9999,0.9999,0.9999,0.9999,0.9999,0.9999,0.9999,0.9999,0.9999,0.9999,0.9999,0.9999,0.9999,0.9999,0.9999,0.9999,0.9999,0.9999,0.99991,0.99991,0.99991,0.99991,0.99991,0.99991,0.99991,0.99991,0.99991,0.99991,0.99991,0.99991,0.99991,0.99991,0.99991,0.99991,0.99991,0.99991,0.99991,0.99991,0.99991,0.99991
0.048,0.99989,0.99989,0.99989,0.99989,0.99989,0.99989,0.99989,0.99989,0.9999,0.9999,0.9999,0.9999,0.9999,0.9999,0.9999,0.9999,0.9999,0.9999,0.9999,0.9999,0.9999,0.9999,0.9999,0.9999,0.9999,0.9999,0.9999,0.9999,0.9999,0.9999,0.9999,0.9999,0.99991,0.99991,0.99991,0.99991,0.99991,0.99991,0.99991,0.99991,0.99991,0.99991,0.99991,0.99991,0.99991,0.99991,0.99991,0.99991,0.99991,0.99991,0.99991
0.04866,0.99989,0.99989,0.99989,0.99989,0.99989,0.99989,0.99989,0.99989,0.99989,0.99989,0.99989,0.9999,0.9999,0.9999,0.9999,0.9999,0.9999,0.9999,0.9999,0.9999,0.9999,0.9999,0.9999,0.9999,0.9999,0.9999,0.9999,0.9999,0.9999,0.9999,0.9999,0.9999,0.9999,0.9999,0.9999,0.99991,0.99991,0.99991,0.99991,0.99991,0.99991,0.99991,0.99991,0.99991,0.99991,0.99991,0.99991,0.99991,0.99991,0.99991,0.99991
0.04933,0.99989,0.99989,0.99989,0.99989,0.99989,0.99989,0.99989,0.99989,0.99989,0.99989,0.99989,0.99989,0.99989,0.99989,0.99989,0.9999,0.9999,0.9999,0.9999,0.9999,0.9999,0.9999,0.9999,0.9999,0.9999,0.9999,0.9999,0.9999,0.9999,0.9999,0.9999,0.9999,0.9999,0.9999,0.9999,0.9999,0.9999,0.9999,0.99991,0.99991,0.99991,0.99991,0.99991,0.99991,0.99991,0.99991,0.99991,0.99991,0.99991,0.99991,0.99991
0.05,0.99989,0.99989,0.99989,0.99989,0.99989,0.99989,0.99989,0.99989,0.99989,0.99989,0.99989,0.99989,0.99989,0.99989,0.99989,0.99989,0.99989,0.99989,0.9999,0.9999,0.9999,0.9999,0.9999,0.9999,0.9999,0.9999,0.9999,0.9999,0.9999,0.9999,0.9999,0.9999,0.9999,0.9999,0.9999,0.9999,0.9999,0.9999,0.9999,0.9999,0.9999,0.99991,0.99991,0.99991,0.99991,0.99991,0.99991,0.99991,0.99991,0.99991,0.99991
0.05066,0.99989,0.99989,0.99989,0.99989,0.99989,0.99989,0.99989,0.99989,0.99989,0.99989,0.99989,0.99989,0.99989,0.99989,0.99989,0.99989,0.99989,0.99989,0.99989,0.99989,0.99989,0.9999,0.9999,0.9999,0.9999,0.9999,0.9999,0.9999,0.9999,0.9999,0.9999,0.9999,0.9999,0.9999,0.9999,0.9999,0.9999,0.9999,0.9999,0.9999,0.9999,0.9999,0.9999,0.9999,0.99991,0.99991,0.99991,0.99991,0.99991,0.99991,0.99991
0.05133,0.99988,0.99988,0.99989,0.99989,0.99989,0.99989,0.99989,0.99989,0.99989,0.99989,0.99989,0.99989,0.99989,0.99989,0.99989,0.99989,0.99989,0.99989,0.99989,0.99989,0.99989,0.99989,0.99989,0.99989,0.9999,0.9999,0.9999,0.9999,0.9999,0.9999,0.9999,0.9999,0.9999,0.9999,0.9999,0.9999,0.9999,0.9999,0.9999,0.9999,0.9999,0.9999,0.9999,0.9999,0.9999,0.9999,0.9999,0.99991,0.99991,0.99991,0.99991
0.052,0.99988,0.99988,0.99988,0.99988,0.99988,0.99989,0.99989,0.99989,0.99989,0.99989,0.99989,0.99989,0.99989,0.99989,0.99989,0.99989,0.99989,0.99989,0.99989,0.99989,0.99989,0.99989,0.99989,0.99989,0.99989,0.99989,0.99989,0.9999,0.9999,0.9999,0.9999,0.9999,0.9999,0.9999,0.9999,0.9999,0.9999,0.9999,0.9999,0.9999,0.9999,0.9999,0.9999,0.9999,0.9999,0.9999,0.9999,0.9999,0.9999,0.9999,0.99991
0.05266,0.99988,0.99988,0.99988,0.99988,0.99988,0.99988,0.99988,0.99988,0.99989,0.99989,0.99989,0.99989,0.99989,0.99989,0.99989,0.99989,0.99989,0.99989,0.99989,0.99989,0.99989,0.99989,0.99989,0.99989,0.99989,0.99989,0.99989,0.99989,0.99989,0.99989,0.9999,0.9999,0.9999,0.9999,0.9999,0.9999,0.9999,0.9999,0.9999,0.9999,0.9999,0.9999,0.9999,0.9999,0.9999,0.9999,0.9999,0.9999,0.9999,0.9999,0.9999
0.05333,0.99988,0.99988,0.99988,0.99988,0.99988,0.99988,0.99988,0.99988,0.99988,0.99988,0.99988,0.99989,0.99989,0.99989,0.99989,0.99989,0.99989,0.99989,0.99989,0.99989,0.99989,0.99989,0.99989,0.99989,0.99989,0.99989,0.99989,0.99989,0.99989,0.99989,0.99989,0.99989,0.99989,0.9999,0.9999,0.9999,0.9999,0.9999,0.9999,0.9999,0.9999,0.9999,0.9999,0.9999,0.9999,0.9999,0.9999,0.9999,0.9999,0.9999,0.9999
0.054,0.99988,0.99988,0.99988,0.99988,0.99988,0.99988,0.99988,0.99988,0.99988,0.99988,0.99988,0.99988,0.99988,0.99988,0.99989,0.99989,0.99989,0.99989,0.99989,0.99989,0.99989,0.99989,0.99989,0.99989,0.99989,0.99989,0.99989,0.99989,0.99989,0.99989,0.99989,0.99989,0.99989,0.99989,0.99989,0.99989,0.9999,0.9999,0.9999,0.9999,0.9999,0.9999,0.9999,0.9999,0.9999,0.9999,0.9999,0.9999,0.9999,0.9999,0.9999
0.05466,0.99988,0.99988,0.99988,0.99988,0.99988,0.99988,0.99988,0.99988,0.99988,0.99988,0.99988,0.99988,0.99988,0.99988,0.99988,0.99988,0.99988,0.99989,0.99989,0.99989,0.99989,0.99989,0.99989,0.99989,0.99989,0.99989,0.99989,0.99989,0.99989,0.99989,0.99989,0.99989,0.99989,0.99989,0.99989,0.99989,0.99989,0.99989,0.99989,0.9999,0.9999,0.9999,0.9999,0.9999,0.9999,0.9999,0.9999,0.9999,0.9999,0.9999,0.9999
0.05533,0.99988,0.99988,0.99988,0.99988,0.99988,0.99988,0.99988,0.99988,0.99988,0.99988,0.99988,0.99988,0.99988,0.99988,0.99988,0.99988,0.99988,0.99988,0.99988,0.99988,0.99989,0.99989,0.99989,0.99989,0.99989,0.99989,0.99989,0.99989,0.99989,0.99989,0.99989,0.99989,0.99989,0.99989,0.99989,0.99989,0.99989,0.99989,0.99989,0.99989,0.99989,0.99989,0.9999,0.9999,0.9999,0.9999,0.9999,0.9999,0.9999,0.9999,0.9999
0.056,0.99987,0.99987,0.99987,0.99988,0.99988,0.99988,0.99988,0.99988,0.99988,0.99988,0.99988,0.99988,0.99988,0.99988,0.99988,0.99988,0.99988,0.99988,0.99988,0.99988,0.99988,0.99988,0.99988,0.99989,0.99989,0.99989,0.99989,0.99989,0.99989,0.99989,0.99989,0.99989,0.99989,0.99989,0.99989,0.99989,0.99989,0.99989,0.99989,0.99989,0.99989,0.99989,0.99989,0.99989,0.9999,0.9999,0.9999,0.9999,0.9999,0.9999,0.9999
0.05666,0.99987,0.99987,0.99987,0.99987,0.99987,0.99987,0.99988,0.99988,0.99988,0.99988,0.99988,0.99988,0.99988,0.99988,0.99988,0.99988,0.99988,0.99988,0.99988,0.99988,0.99988,0.99988,0.99988,0.99988,0.99988,0.99988,0.99989,0.99989,0.99989,0.99989,0.99989,0.99989,0.99989,0.99989,0.99989,0.99989,0.99989,0.99989,0.99989,0.99989,0.99989,0.99989,0.99989,0.99989,0.99989,0.99989,0.99989,0.9999,0.9999,0.9999,0.9999
0.05733,0.99987,0.99987,0.99987,0.99987,0.99987,0.99987,0.99987,0.99987,0.99987,0.99988,0.99988,0.99988,0.99988,0.99988,0.99988,0.99988,0.99988,0.99988,0.99988,0.99988,0.99988,0.99988,0.99988,0.99988,0.99988,0.99988,0.99988,0.99988,0.99988,0.99989,0.99989,0.99989,0.99989,0.99989,0.99989,0.99989,0.99989,0.99989,0.99989,0.99989,0.99989,0.99989,0.99989,0.99989,0.99989,0.99989,0.99989,0.99989,0.99989,0.99989,0.9999
0.058,0.99987,0.99987,0.99987,0.99987,0.99987,0.99987,0.99987,0.99987,0.99987,0.99987,0.99987,0.99988,0.99988,0.99988,0.99988,0.99988,0.99988,0.99988,0.99988,0.99988,0.99988,0.99988,0.99988,0.99988,0.99988,0.99988,0.99988,0.99988,0.99988,0.99988,0.99988,0.99989,0.99989,0.99989,0.99989,0.99989,0.99989,0.99989,0.99989,0.99989,0.99989,0.99989,0.99989,0.99989,0.99989,0.99989,0.99989,0.99989,0.99989,0.99989,0.99989
0.05866,0.99987,0.99987,0.99987,0.99987,0.99987,0.99987,0.99987,0.99987,0.99987,0.99987,0.99987,0.99987,0.99987,0.99987,0.99988,0.99988,0.99988,0.99988,0.99988,0.99988,0.99988,0.99988,0.99988,0.99988,0.99988,0.99988,0.99988,0.99988,0.99988,0.99988,0.99988,0.99988,0.99988,0.99988,0.99989,0.99989,0.99989,0.99989,0.99989,0.99989,0.99989,0.99989,0.99989,0.99989,0.99989,0.99989,0.99989,0.99989,0.99989,0.99989,0.99989
0.05933,0.99987,0.99987,0.99987,0.99987,0.99987,0.99987,0.99987,0.99987,0.99987,0.99987,0.99987,0.99987,0.99987,0.99987,0.99987,0.99987,0.99987,0.99988,0.99988,0.99988,0.99988,0.99988,0.99988,0.99988,0.99988,0.99988,0.99988,0.99988,0.99988,0.99988,0.99988,0.99988,0.99988,0.99988,0.99988,0.99988,0.99988,0.99989,0.99989,0.99989,0.99989,0.99989,0.99989,0.99989,0.99989,0.99989,0.99989,0.99989,0.99989,0.99989,0.99989
0.06,0.99986,0.99987,0.99987,0.99987,0.99987,0.99987,0.99987,0.99987,0.99987,0.99987,0.99987,0.99987,0.99987,0.99987,0.99987,0.99987,0.99987,0.99987,0.99987,0.99987,0.99988,0.99988,0.99988,0.99988,0.99988,0.99988,0.99988,0.99988,0.99988,0.99988,0.99988,0.99988,0.99988,0.99988,0.99988,0.99988,0.99988,0.99988,0.99988,0.99989,0.99989,0.99989,0.99989,0.99989,0.99989,0.99989,0.99989,0.99989,0.99989,0.99989,0.99989
0.06066,0.99986,0.99986,0.99986,0.99987,0.99987,0.99987,0.99987,0.99987,0.99987,0.99987,0.99987,0.99987,0.99987,0.99987,0.99987,0.99987,0.99987,0.99987,0.99987,0.99987,0.99987,0.99987,0.99988,0.99988,0.99988,0.99988,0.99988,0.99988,0.99988,0.99988,0.99988,0.99988,0.99988,0.99988,0.99988,0.99988,0.99988,0.99988,0.99988,0.99988,0.99988,0.99988,0.99989,0.99989,0.99989,0.99989,0.99989,0.99989,0.99989,0.99989,0.99989
0.06133,0.99986,0.99986,0.99986,0.99986,0.99986,0.99986,0.99987,0.99987,0.99987,0.99987,0.99987,0.99987,0.99987,0.99987,0.99987,0.99987,0.99987,0.99987,0.99987,0.99987,0.99987,0.99987,0.99987,0.99987,0.99987,0.99988,0.99988,0.99988,0.99988,0.99988,0.99988,0.99988,0.99988,0.99988,0.99988,0.99988,0.99988,0.99988,0.99988,0.99988,0.99988,0.99988,0.99988,0.99988,0.99989,0.99989,0.99989,0.99989,0.99989,0.99989,0.99989
0.06199,0.99986,0.99986,0.99986,0.99986,0.99986,0.99986,0.99986,0.99986,0.99986,0.99987,0.99987,0.99987,0.99987,0.99987,0.99987,0.99987,0.99987,0.99987,0.99987,0.99987,0.99987,0.99987,0.99987,0.99987,0.99987,0.99987,0.99987,0.99988,0.99988,0.99988,0.99988,0.99988,0.99988,0.99988,0.99988,0.99988,0.99988,0.99988,0.99988,0.99988,0.99988,0.99988,0.99988,0.99988,0.99988,0.99988,0.99988,0.99989,0.99989,0.99989,0.99989
0.06266,0.99986,0.99986,0.99986,0.99986,0.99986,0.99986,0.99986,0.99986,0.99986,0.99986,0.99986,0.99987,0.99987,0.99987,0.99987,0.99987,0.99987,0.99987,0.99987,0.99987,0.99987,0.99987,0.99987,0.99987,0.99987,0.99987,0.99987,0.99987,0.99987,0.99987,0.99988,0.99988,0.99988,0.99988,0.99988,0.99988,0.99988,0.99988,0.99988,0.99988,0.99988,0.99988,0.99988,0.99988,0.99988,0.99988,0.99988,0.99988,0.99988,0.99989,0.99989
0.06333,0.99986,0.99986,0.99986,0.99986,0.99986,0.99986,0.99986,0.99986,0.99986,0.99986,0.99986,0.99986,0.99986,0.99986,0.99987,0.99987,0.99987,0.99987,0.99987,0.99987,0.99987,0.99987,0.99987,0.99987,0.99987,0.99987,0.99987,0.99987,0.99987,0.99987,0.99987,0.99987,0.99988,0.99988,0.99988,0.99988,0.99988,0.99988,0.99988,0.99988,0.99988,0.99988,0.99988,0.99988,0.99988,0.99988,0.99988,0.99988,0.99988,0.99988,0.99988
0.06399,0.99986,0.99986,0.99986,0.99986,0.99986,0.99986,0.99986,0.99986,0.99986,0.99986,0.99986,0.99986,0.99986,0.99986,0.99986,0.99986,0.99986,0.99987,0.99987,0.99987,0.99987,0.99987,0.99987,0.99987,0.99987,0.99987,0.99987,0.99987,0.99987,0.99987,0.99987,0.99987,0.99987,0.99987,0.99987,0.99988,0.99988,0.99988,0.99988,0.99988,0.99988,0.99988,0.99988,0.99988,0.99988,0.99988,0.99988,0.99988,0.99988,0.99988,0.99988
0.06466,0.99985,0.99986,0.99986,0.99986,0.99986,0.99986,0.99986,0.99986,0.99986,0.99986,0.99986,0.99986,0.99986,0.99986,0.99986,0.99986,0.99986,0.99986,0.99986,0.99987,0.99987,0.99987,0.99987,0.99987,0.99987,0.99987,0.99987,0.99987,0.99987,0.99987,0.99987,0.99987,0.99987,0.99987,0.99987,0.99987,0.99987,0.99988,0.99988,0.99988,0.99988,0.99988,0.99988,0.99988,0.99988,0.99988,0.99988,0.99988,0.99988,0.99988,0.99988
0.06533,0.99985,0.99985,0.99985,0.99985,0.99986,0.99986,0.99986,0.99986,0.99986,0.99986,0.99986,0.99986,0.99986,0.99986,0.99986,0.99986,0.99986,0.99986,0.99986,0.99986,0.99986,0.99987,0.99987,0.99987,0.99987,0.99987,0.99987,0.99987,0.99987,0.99987,0.99987,0.99987,0.99987,0.99987,0.99987,0.99987,0.99987,0.99987,0.99987,0.99988,0.99988,0.99988,0.99988,0.99988,0.99988,0.99988,0.99988,0.99988,0.99988,0.99988,0.99988
0.06599,0.99985,0.99985,0.99985,0.99985,0.99985,0.99985,0.99986,0.99986,0.99986,0.99986,0.99986,0.99986,0.99986,0.99986,0.99986,0.99986,0.99986,0.99986,0.99986,0.99986,0.99986,0.99986,0.99986,0.99986,0.99987,0.99987,0.99987,0.99987,0.99987,0.99987,0.99987,0.99987,0.99987,0.99987,0.99987,0.99987,0.99987,0.99987,0.99987,0.99987,0.99987,0.99987,0.99988,0.99988,0.99988,0.99988,0.99988,0.99988,0.99988,0.99988,0.99988
0.06666,0.99985,0.99985,0.99985,0.99985,0.99985,0.99985,0.99985,0.99985,0.99985,0.99986,0.99986,0.99986,0.99986,0.99986,0.99986,0.99986,0.99986,0.99986,0.99986,0.99986,0.99986,0.99986,0.99986,0.99986,0.99986,0.99986,0.99987,0.99987,0.99987,0.99987,0.99987,0.99987,0.99987,0.99987,0.99987,0.99987,0.99987,0.99987,0.99987,0.99987,0.99987,0.99987,0.99987,0.99987,0.99988,0.99988,0.99988,0.99988,0.99988,0.99988,0.99988
0.06733,0.99985,0.99985,0.99985,0.99985,0.99985,0.99985,0.99985,0.99985,0.99985,0.99985,0.99985,0.99986,0.99986,0.99986,0.99986,0.99986,0.99986,0.99986,0.99986,0.99986,0.99986,0.99986,0.99986,0.99986,0.99986,0.99986,0.99986,0.99986,0.99986,0.99987,0.99987,0.99987,0.99987,0.99987,0.99987,0.99987,0.99987,0.99987,0.99987,0.99987,0.99987,0.99987,0.99987,0.99987,0.99987,0.99987,0.99988,0.99988,0.99988,0.99988,0.99988
0.06799,0.99985,0.99985,0.99985,0.99985,0.99985,0.99985,0.99985,0.99985,0.99985,0.99985,0.99985,0.99985,0.99985,0.99985,0.99986,0.99986,0.99986,0.99986,0.99986,0.99986,0.99986,0.99986,0.99986,0.99986,0.99986,0.99986,0.99986,0.99986,0.99986,0.99986,0.99986,0.99987,0.99987,0.99987,0.99987,0.99987,0.99987,0.99987,0.99987,0.99987,0.99987,0.99987,0.99987,0.99987,0.99987,0.99987,0.99987,0.99987,0.99988,0.99988,0.99988
0.06866,0.99985,0.99985,0.99985,0.99985,0.99985,0.99985,0.99985,0.99985,0.99985,0.99985,0.99985,0.99985,0.99985,0.99985,0.99985,0.99985,0.99986,0.99986,0.99986,0.99986,0.99986,0.99986,0.99986,0.99986,0.99986,0.99986,0.99986,0.99986,0.99986,0.99986,0.99986,0.99986,0.99986,0.99987,0.99987,0.99987,0.99987,0.99987,0.99987,0.99987,0.99987,0.99987,0.99987,0.99987,0.99987,0.99987,0.99987,0.99987,0.99987,0.99987,0.99987
0.06933,0.99984,0.99984,0.99985,0.99985,0.99985,0.99985,0.99985,0.99985,0.99985,0.99985,0.99985,0.99985,0.99985,0.99985,0.99985,0.99985,0.99985,0.99985,0.99986,0.99986,0.99986,0.99986,0.99986,0.99986,0.99986,0.99986,0.99986,0.99986,0.99986,0.99986,0.99986,0.99986,0.99986,0.99986,0.99986,0.99987,0.99987,0.99987,0.99987,0.99987,0.99987,0.99987,0.99987,0.99987,0.99987,0.99987,0.99987,0.99987,0.99987,0.99987,0.99987
0.06999,0.99984,0.99984,0.99984,0.99984,0.99985,0.99985,0.99985,0.99985,0.99985,0.99985,0.99985,0.99985,0.99985,0.99985,0.99985,0.99985,0.99985,0.99985,0.99985,0.99985,0.99985,0.99986,0.99986,0.99986,0.99986,0.99986,0.99986,0.99986,0.99986,0.99986,0.99986,0.99986,0.99986,0.99986,0.99986,0.99986,0.99986,0.99986,0.99987,0.99987,0.99987,0.99987,0.99987,0.99987,0.99987,0.99987,0.99987,0.99987,0.99987,0.99987,0.99987
0.07066,0.99984,0.99984,0.99984,0.99984,0.99984,0.99984,0.99984,0.99985,0.99985,0.99985,0.99985,0.99985,0.99985,0.99985,0.99985,0.99985,0.99985,0.99985,0.99985,0.99985,0.99985,0.99985,0.99985,0.99986,0.99986,0.99986,0.99986,0.99986,0.99986,0.99986,0.99986,0.99986,0.99986,0.99986,0.99986,0.99986,0.99986,0.99986,0.99986,0.99986,0.99987,0.99987,0.99987,0.99987,0.99987,0.99987,0.99987,0.99987,0.99987,0.99987,0.99987
0.07133,0.99984,0.99984,0.99984,0.99984,0.99984,0.99984,0.99984,0.99984,0.99984,0.99985,0.99985,0.99985,0.99985,0.99985,0.99985,0.99985,0.99985,0.99985,0.99985,0.99985,0.99985,0.99985,0.99985,0.99985,0.99985,0.99986,0.99986,0.99986,0.99986,0.99986,0.99986,0.99986,0.99986,0.99986,0.99986,0.99986,0.99986,0.99986,0.99986,0.99986,0.99986,0.99986,0.99987,0.99987,0.99987,0.99987,0.99987,0.99987,0.99987,0.99987,0.99987
0.07199,0.99984,0.99984,0.99984,0.99984,0.99984,0.99984,0.99984,0.99984,0.99984,0.99984,0.99984,0.99985,0.99985,0.99985,0.99985,0.99985,0.99985,0.99985,0.99985,0.99985,0.99985,0.99985,0.99985,0.99985,0.99985,0.99985,0.99985,0.99986,0.99986,0.99986,0.99986,0.99986,0.99986,0.99986,0.99986,0.99986,0.99986,0.99986,0.99986,0.99986,0.99986,0.99986,0.99986,0.99986,0.99987,0.99987,0.99987,0.99987,0.99987,0.99987,0.99987
0.07266,0.99984,0.99984,0.99984,0.99984,0.99984,0.99984,0.99984,0.99984,0.99984,0.99984,0.99984,0.99984,0.99984,0.99984,0.99985,0.99985,0.99985,0.99985,0.99985,0.99985,0.99985,0.99985,0.99985,0.99985,0.99985,0.99985,0.99985,0.99985,0.99985,0.99985,0.99986,0.99986,0.99986,0.99986,0.99986,0.99986,0.99986,0.99986,0.99986,0.99986,0.99986,0.99986,0.99986,0.99986,0.99986,0.99986,0.99987,0.99987,0.99987,0.99987,0.99987
0.07333,0.99984,0.99984,0.99984,0.99984,0.99984,0.99984,0.99984,0.99984,0.99984,0.99984,0.99984,0.99984,0.99984,0.99984,0.99984,0.99984,0.99985,0.99985,0.99985,0.99985,0.99985,0.99985,0.99985,0.99985,0.99985,0.99985,0.99985,0.99985,0.99985,0.99985,0.99985,0.99985,0.99986,0.99986,0.99986,0.99986,0.99986,0.99986,0.99986,0.99986,0.99986,0.99986,0.99986,0.99986,0.99986,0.99986,0.99986,0.99986,0.99987,0.99987,0.99987
0.07399,0.99983,0.99983,0.99983,0.99984,0.99984,0.99984,0.99984,0.99984,0.99984,0.99984,0.99984,0.99984,0.99984,0.99984,0.99984,0.99984,0.99984,0.99984,0.99985,0.99985,0.99985,0.99985,0.99985,0.99985,0.99985,0.99985,0.99985,0.99985,0.99985,0.99985,0.99985,0.99985,0.99985,0.99985,0.99986,0.99986,0.99986,0.99986,0.99986,0.99986,0.99986,0.99986,0.99986,0.99986,0.99986,0.99986,0.99986,0.99986,0.99986,0.99986,0.99987
0.07466,0.99983,0.99983,0.99983,0.99983,0.99983,0.99984,0.99984,0.99984,0.99984,0.99984,0.99984,0.99984,0.99984,0.99984,0.99984,0.99984,0.99984,0.99984,0.99984,0.99984,0.99985,0.99985,0.99985,0.99985,0.99985,0.99985,0.99985,0.99985,0.99985,0.99985,0.99985,0.99985,0.99985,0.99985,0.99985,0.99985,0.99986,0.99986,0.99986,0.99986,0.99986,0.99986,0.99986,0.99986,0.99986,0.99986,0.99986,0.99986,0.99986,0.99986,0.99986
0.07533,0.99983,0.99983,0.99983,0.99983,0.99983,0.99983,0.99983,0.99984,0.99984,0.99984,0.99984,0.99984,0.99984,0.99984,0.99984,0.99984,0.99984,0.99984,0.99984,0.99984,0.99984,0.99984,0.99985,0.99985,0.99985,0.99985,0.99985,0.99985,0.99985,0.99985,0.99985,0.99985,0.99985,0.99985,0.99985,0.99985,0.99985,0.99985,0.99986,0.99986,0.99986,0.99986,0.99986,0.99986,0.99986,0.99986,0.99986,0.99986,0.99986,0.99986,0.99986
0.07599,0.99983,0.99983,0.99983,0.99983,0.99983,0.99983,0.99983,0.99983,0.99983,0.99984,0.99984,0.99984,0.99984,0.99984,0.99984,0.99984,0.99984,0.99984,0.99984,0.99984,0.99984,0.99984,0.99984,0.99984,0.99985,0.99985,0.99985,0.99985,0.99985,0.99985,0.99985,0.99985,0.99985,0.99985,0.99985,0.99985,0.99985,0.99985,0.99985,0.99985,0.99986,0.99986,0.99986,0.99986,0.99986,0.99986,0.99986,0.99986,0.99986,0.99986,0.99986
0.07666,0.99983,0.99983,0.99983,0.99983,0.99983,0.99983,0.99983,0.99983,0.99983,0.99983,0.99983,0.99984,0.99984,0.99984,0.99984,0.99984,0.99984,0.99984,0.99984,0.99984,0.99984,0.99984,0.99984,0.99984,0.99984,0.99984,0.99985,0.99985,0.99985,0.99985,0.99985,0.99985,0.99985,0.99985,0.99985,0.99985,0.99985,0.99985,0.99985,0.99985,0.99985,0.99985,0.99986,0.99986,0.99986,0.99986,0.99986,0.99986,0.99986,0.99986,0.99986
0.07733,0.99983,0.99983,0.99983,0.99983,0.99983,0.99983,0.99983,0.99983,0.99983,0.99983,0.99983,0.99983,0.99983,0.99984,0.99984,0.99984,0.99984,0.99984,0.99984,0.99984,0.99984,0.99984,0.99984,0.99984,0.99984,0.99984,0.99984,0.99984,0.99985,0.99985,0.99985,0.99985,0.99985,0.99985,0.99985,0.99985,0.99985,0.99985,0.99985,0.99985,0.99985,0.99985,0.99985,0.99985,0.99986,0.99986,0.99986,0.99986,0.99986,0.99986,0.99986
0.07799,0.99982,0.99983,0.99983,0.99983,0.99983,0.99983,0.99983,0.99983,0.99983,0.99983,0.99983,0.99983,0.99983,0.99983,0.99983,0.99984,0.99984,0.99984,0.99984,0.99984,0.99984,0.99984,0.99984,0.99984,0.99984,0.99984,0.99984,0.99984,0.99984,0.99984,0.99985,0.99985,0.99985,0.99985,0.99985,0.99985,0.99985,0.99985,0.99985,0.99985,0.99985,0.99985,0.99985,0.99985,0.99985,0.99985,0.99986,0.99986,0.99986,0.99986,0.99986
0.07866,0.99982,0.99982,0.99982,0.99983,0.99983,0.99983,0.99983,0.99983,0.99983,0.99983,0.99983,0.99983,0.99983,0.99983,0.99983,0.99983,0.99983,0.99983,0.99984,0.99984,0.99984,0.99984,0.99984,0.99984,0.99984,0.99984,0.99984,0.99984,0.99984,0.99984,0.99984,0.99984,0.99985,0.99985,0.99985,0.99985,0.99985,0.99985,0.99985,0.99985,0.99985,0.99985,0.99985,0.99985,0.99985,0.99985,0.99985,0.99985,0.99986,0.99986,0.99986
0.07933,0.99982,0.99982,0.99982,0.99982,0.99982,0.99983,0.99983,0.99983,0.99983,0.99983,0.99983,0.99983,0.99983,0.99983,0.99983,0.99983,0.99983,0.99983,0.99983,0.99983,0.99984,0.99984,0.99984,0.99984,0.99984,0.99984,0.99984,0.99984,0.99984,0.99984,0.99984,0.99984,0.99984,0.99984,0.99985,0.99985,0.99985,0.99985,0.99985,0.99985,0.99985,0.99985,0.99985,0.99985,0.99985,0.99985,0.99985,0.99985,0.99985,0.99986,0.99986
0.07999,0.99982,0.99982,0.99982,0.99982,0.99982,0.99982,0.99982,0.99983,0.99983,0.99983,0.99983,0.99983,0.99983,0.99983,0.99983,0.99983,0.99983,0.99983,0.99983,0.99983,0.99983,0.99983,0.99984,0.99984,0.99984,0.99984,0.99984,0.99984,0.99984,0.99984,0.99984,0.99984,0.99984,0.99984,0.99984,0.99984,0.99985,0.99985,0.99985,0.99985,0.99985,0.99985,0.99985,0.99985,0.99985,0.99985,0.99985,0.99985,0.99985,0.99985,0.99985
0.08066,0.99982,0.99982,0.99982,0.99982,0.99982,0.99982,0.99982,0.99982,0.99982,0.99983,0.99983,0.99983,0.99983,0.99983,0.99983,0.99983,0.99983,0.99983,0.99983,0.99983,0.99983,0.99983,0.99983,0.99983,0.99984,0.99984,0.99984,0.99984,0.99984,0.99984,0.99984,0.99984,0.99984,0.99984,0.99984,0.99984,0.99984,0.99984,0.99985,0.99985,0.99985,0.99985,0.99985,0.99985,0.99985,0.99985,0.99985,0.99985,0.99985,0.99985,0.99985
0.08133,0.99982,0.99982,0.99982,0.99982,0.99982,0.99982,0.99982,0.99982,0.99982,0.99982,0.99982,0.99983,0.99983,0.99983,0.99983,0.99983,0.99983,0.99983,0.99983,0.99983,0.99983,0.99983,0.99983,0.99983,0.99983,0.99984,0.99984,0.99984,0.99984,0.99984,0.99984,0.99984,0.99984,0.99984,0.99984,0.99984,0.99984,0.99984,0.99984,0.99984,0.99985,0.99985,0.99985,0.99985,0.99985,0.99985,0.99985,0.99985,0.99985,0.99985,0.99985
0.08199,0.99982,0.99982,0.99982,0.99982,0.99982,0.99982,0.99982,0.99982,0.99982,0.99982,0.99982,0.99982,0.99982,0.99983,0.99983,0.99983,0.99983,0.99983,0.99983,0.99983,0.99983,0.99983,0.99983,0.99983,0.99983,0.99983,0.99983,0.99984,0.99984,0.99984,0.99984,0.99984,0.99984,0.99984,0.99984,0.99984,0.99984,0.99984,0.99984,0.99984,0.99984,0.99984,0.99985,0.99985,0.99985,0.99985,0.99985,0.99985,0.99985,0.99985,0.99985
0.08266,0.99981,0.99982,0.99982,0.99982,0.99982,0.99982,0.99982,0.99982,0.99982,0.99982,0.99982,0.99982,0.99982,0.99982,0.99982,0.99983,0.99983,0.99983,0.99983,0.99983,0.99983,0.99983,0.99983,0.99983,0.99983,0.99983,0.99983,0.99983,0.99983,0.99984,0.99984,0.99984,0.99984,0.99984,0.99984,0.99984,0.99984,0.99984,0.99984,0.99984,0.99984,0.99984,0.99984,0.99984,0.99985,0.99985,0.99985,0.99985,0.99985,0.99985,0.99985
0.08333,0.99981,0.99981,0.99981,0.99982,0.99982,0.99982,0.99982,0.99982,0.99982,0.99982,0.99982,0.99982,0.99982,0.99982,0.99982,0.99982,0.99982,0.99983,0.99983,0.99983,0.99983,0.99983,0.99983,0.99983,0.99983,0.99983,0.99983,0.99983,0.99983,0.99983,0.99983,0.99984,0.99984,0.99984,0.99984,0.99984,0.99984,0.99984,0.99984,0.99984,0.99984,0.99984,0.99984,0.99984,0.99984,0.99985,0.99985,0.99985,0.99985,0.99985,0.99985
0.08399,0.99981,0.99981,0.99981,0.99981,0.99981,0.99982,0.99982,0.99982,0.99982,0.99982,0.99982,0.99982,0.99982,0.99982,0.99982,0.99982,0.99982,0.99982,0.99982,0.99983,0.99983,0.99983,0.99983,0.99983,0.99983,0.99983,0.99983,0.99983,0.99983,0.99983,0.99983,0.99983,0.99983,0.99984,0.99984,0.99984,0.99984,0.99984,0.99984,0.99984,0.99984,0.99984,0.99984,0.99984,0.99984,0.99984,0.99984,0.99985,0.99985,0.99985,0.99985
0.08466,0.99981,0.99981,0.99981,0.99981,0.99981,0.99981,0.99981,0.99982,0.99982,0.99982,0.99982,0.99982,0.99982,0.99982,0.99982,0.99982,0.99982,0.99982,0.99982,0.99982,0.99982,0.99983,0.99983,0.99983,0.99983,0.99983,0.99983,0.99983,0.99983,0.99983,0.99983,0.99983,0.99983,0.99983,0.99983,0.99984,0.99984,0.99984,0.99984,0.99984,0.99984,0.99984,0.99984,0.99984,0.99984,0.99984,0.99984,0.99984,0.99984,0.99985,0.99985
0.08533,0.99981,0.99981,0.99981,0.99981,0.99981,0.99981,0.99981,0.99981,0.99981,0.99982,0.99982,0.99982,0.99982,0.99982,0.99982,0.99982,0.99982,0.99982,0.99982,0.99982,0.99982,0.99982,0.99982,0.99983,0.99983,0.99983,0.99983,0.99983,0.99983,0.99983,0.99983,0.99983,0.99983,0.99983,0.99983,0.99983,0.99983,0.99984,0.99984,0.99984,0.99984,0.99984,0.99984,0.99984,0.99984,0.99984,0.99984,0.99984,0.99984,0.99984,0.99984
0.08599,0.99981,0.99981,0.99981,0.99981,0.99981,0.99981,0.99981,0.99981,0.99981,0.99981,0.99981,0.99982,0.99982,0.99982,0.99982,0.99982,0.99982,0.99982,0.99982,0.99982,0.99982,0.99982,0.99982,0.99982,0.99982,0.99983,0.99983,0.99983,0.99983,0.99983,0.99983,0.99983,0.99983,0.99983,0.99983,0.99983,0.99983,0.99983,0.99984,0.99984,0.99984,0.99984,0.99984,0.99984,0.99984,0.99984,0.99984,0.99984,0.99984,0.99984,0.99984
0.08666,0.99981,0.99981,0.99981,0.99981,0.99981,0.99981,0.99981,0.99981,0.99981,0.99981,0.99981,0.99981,0.99981,0.99982,0.99982,0.99982,0.99982,0.99982,0.99982,0.99982,0.99982,0.99982,0.99982,0.99982,0.99982,0.99982,0.99983,0.99983,0.99983,0.99983,0.99983,0.99983,0.99983,0.99983,0.99983,0.99983,0.99983,0.99983,0.99983,0.99983,0.99984,0.99984,0.99984,0.99984,0.99984,0.99984,0.99984,0.99984,0.99984,0.99984,0.99984
0.08733,0.9998,0.9998,0.99981,0.99981,0.99981,0.99981,0.99981,0.99981,0.99981,0.99981,0.99981,0.99981,0.99981,0.99981,0.99981,0.99982,0.99982,0.99982,0.99982,0.99982,0.99982,0.99982,0.99982,0.99982,0.99982,0.99982,0.99982,0.99982,0.99983,0.99983,0.99983,0.99983,0.99983,0.99983,0.99983,0.99983,0.99983,0.99983,0.99983,0.99983,0.99983,0.99983,0.99984,0.99984,0.99984,0.99984,0.99984,0.99984,0.99984,0.99984,0.99984
0.08799,0.9998,0.9998,0.9998,0.9998,0.99981,0.99981,0.99981,0.99981,0.99981,0.99981,0.99981,0.99981,0.99981,0.99981,0.99981,0.99981,0.99981,0.99982,0.99982,0.99982,0.99982,0.99982,0.99982,0.99982,0.99982,0.99982,0.99982,0.99982,0.99982,0.99982,0.99983,0.99983,0.99983,0.99983,0.99983,0.99983,0.99983,0.99983,0.99983,0.99983,0.99983,0.99983,0.99983,0.99984,0.99984,0.99984,0.99984,0.99984,0.99984,0.99984,0.99984
0.08866,0.9998,0.9998,0.9998,0.9998,0.9998,0.9998,0.99981,0.99981,0.99981,0.99981,0.99981,0.99981,0.99981,0.99981,0.99981,0.99981,0.99981,0.99981,0.99981,0.99982,0.99982,0.99982,0.99982,0.99982,0.99982,0.99982,0.99982,0.99982,0.99982,0.99982,0.99982,0.99982,0.99983,0.99983,0.99983,0.99983,0.99983,0.99983,0.99983,0.99983,0.99983,0.99983,0.99983,0.99983,0.99983,0.99984,0.99984,0.99984,0.99984,0.99984,0.99984
0.08933,0.9998,0.9998,0.9998,0.9998,0.9998,0.9998,0.9998,0.99981,0.99981,0.99981,0.99981,0.99981,0.99981,0.99981,0.99981,0.99981,0.99981,0.99981,0.99981,0.99981,0.99982,0.99982,0.99982,0.99982,0.99982,0.99982,0.99982,0.99982,0.99982,0.99982,0.99982,0.99982,0.99982,0.99983,0.99983,0.99983,0.99983,0.99983,0.99983,0.99983,0.99983,0.99983,0.99983,0.99983,0.99983,0.99983,0.99983,0.99984,0.99984,0.99984,0.99984
0.08999,0.9998,0.9998,0.9998,0.9998,0.9998,0.9998,0.9998,0.9998,0.9998,0.99981,0.99981,0.99981,0.99981,0.99981,0.99981,0.99981,0.99981,0.99981,0.99981,0.99981,0.99981,0.99981,0.99982,0.99982,0.99982,0.99982,0.99982,0.99982,0.99982,0.99982,0.99982,0.99982,0.99982,0.99982,0.99982,0.99983,0.99983,0.99983,0.99983,0.99983,0.99983,0.99983,0.99983,0.99983,0.99983,0.99983,0.99983,0.99983,0.99984,0.99984,0.99984
0.09066,0.9998,0.9998,0.9998,0.9998,0.9998,0.9998,0.9998,0.9998,0.9998,0.9998,0.9998,0.99981,0.99981,0.99981,0.99981,0.99981,0.99981,0.99981,0.99981,0.99981,0.99981,0.99981,0.99981,0.99981,0.99982,0.99982,0.99982,0.99982,0.99982,0.99982,0.99982,0.99982,0.99982,0.99982,0.99982,0.99982,0.99982,0.99983,0.99983,0.99983,0.99983,0.99983,0.99983,0.99983,0.99983,0.99983,0.99983,0.99983,0.99983,0.99983,0.99984
0.09133,0.9998,0.9998,0.9998,0.9998,0.9998,0.9998,0.9998,0.9998,0.9998,0.9998,0.9998,0.9998,0.9998,0.99981,0.99981,0.99981,0.99981,0.99981,0.99981,0.99981,0.99981,0.99981,0.99981,0.99981,0.99981,0.99981,0.99982,0.99982,0.99982,0.99982,0.99982,0.99982,0.99982,0.99982,0.99982,0.99982,0.99982,0.99982,0.99983,0.99983,0.99983,0.99983,0.99983,0.99983,0.99983,0.99983,0.99983,0.99983,0.99983,0.99983,0.99983
0.09199,0.99979,0.99979,0.9998,0.9998,0.9998,0.9998,0.9998,0.9998,0.9998,0.9998,0.9998,0.9998,0.9998,0.9998,0.9998,0.99981,0.99981,0.99981,0.99981,0.99981,0.99981,0.99981,0.99981,0.99981,0.99981,0.99981,0.99981,0.99982,0.99982,0.99982,0.99982,0.99982,0.99982,0.99982,0.99982,0.99982,0.99982,0.99982,0.99982,0.99982,0.99983,0.99983,0.99983,0.99983,0.99983,0.99983,0.99983,0.99983,0.99983,0.99983,0.99983
0.09266,0.99979,0.99979,0.99979,0.99979,0.9998,0.9998,0.9998,0.9998,0.9998,0.9998,0.9998,0.9998,0.9998,0.9998,0.9998,0.9998,0.99981,0.99981,0.99981,0.99981,0.99981,0.99981,0.99981,0.99981,0.99981,0.99981,0.99981,0.99981,0.99981,0.99982,0.99982,0.99982,0.99982,0.99982,0.99982,0.99982,0.99982,0.99982,0.99982,0.99982,0.99982,0.99982,0.99983,0.99983,0.99983,0.99983,0.99983,0.99983,0.99983,0.99983,0.99983
0.09333,0.99979,0.99979,0.99979,0.99979,0.99979,0.99979,0.9998,0.9998,0.9998,0.9998,0.9998,0.9998,0.9998,0.9998,0.9998,0.9998,0.9998,0.9998,0.99981,0.99981,0.99981,0.99981,0.99981,0.99981,0.99981,0.99981,0.99981,0.99981,0.99981,0.99981,0.99981,0.99982,0.99982,0.99982,0.99982,0.99982,0.99982,0.99982,0.99982,0.99982,0.99982,0.99982,0.99982,0.99983,0.99983,0.99983,0.99983,0.99983,0.99983,0.99983,0.99983
0.09399,0.99979,0.99979,0.99979,0.99979,0.99979,0.99979,0.99979,0.99979,0.9998,0.9998,0.9998,0.9998,0.9998,0.9998,0.9998,0.9998,0.9998,0.9998,0.9998,0.9998,0.99981,0.99981,0.99981,0.99981,0.99981,0.99981,0.99981,0.99981,0.99981,0.99981,0.99981,0.99981,0.99982,0.99982,0.99982,0.99982,0.99982,0.99982,0.99982,0.99982,0.99982,0.99982,0.99982,0.99982,0.99982,0.99983,0.99983,0.99983,0.99983,0.99983,0.99983
0.09466,0.99979,0.99979,0.99979,0.99979,0.99979,0.99979,0.99979,0.99979,0.99979,0.9998,0.9998,0.9998,0.9998,0.9998,0.9998,0.9998,0.9998,0.9998,0.9998,0.9998,0.9998,0.99981,0.99981,0.99981,0.99981,0.99981,0.99981,0.99981,0.99981,0.99981,0.99981,0.99981,0.99981,0.99981,0.99982,0.99982,0.99982,0.99982,0.99982,0.99982,0.99982,0.99982,0.99982,0.99982,0.99982,0.99982,0.99983,0.99983,0.99983,0.99983,0.99983
0.09533,0.99979,0.99979,0.99979,0.99979,0.99979,0.99979,0.99979,0.99979,0.99979,0.99979,0.99979,0.9998,0.9998,0.9998,0.9998,0.9998,0.9998,0.9998,0.9998,0.9998,0.9998,0.9998,0.9998,0.99981,0.99981,0.99981,0.99981,0.99981,0.99981,0.99981,0.99981,0.99981,0.99981,0.99981,0.99981,0.99982,0.99982,0.99982,0.99982,0.99982,0.99982,0.99982,0.99982,0.99982,0.99982,0.99982,0.99982,0.99982,0.99983,0.99983,0.99983
0.09599,0.99978,0.99979,0.99979,0.99979,0.99979,0.99979,0.99979,0.99979,0.99979,0.99979,0.99979,0.99979,0.99979,0.9998,0.9998,0.9998,0.9998,0.9998,0.9998,0.9998,0.9998,0.9998,0.9998,0.9998,0.9998,0.99981,0.99981,0.99981,0.99981,0.99981,0.99981,0.99981,0.99981,0.99981,0.99981,0.99981,0.99981,0.99982,0.99982,0.99982,0.99982,0.99982,0.99982,0.99982,0.99982,0.99982,0.99982,0.99982,0.99982,0.99983,0.99983
0.09666,0.99978,0.99978,0.99978,0.99979,0.99979,0.99979,0.99979,0.99979,0.99979,0.99979,0.99979,0.99979,0.99979,0.99979,0.9998,0.9998,0.9998,0.9998,0.9998,0.9998,0.9998,0.9998,0.9998,0.9998,0.9998,0.9998,0.99981,0.99981,0.99981,0.99981,0.99981,0.99981,0.99981,0.99981,0.99981,0.99981,0.99981,0.99981,0.99981,0.99982,0.99982,0.99982,0.99982,0.99982,0.99982,0.99982,0.99982,0.99982,0.99982,0.99982,0.99982
0.09733,0.99978,0.99978,0.99978,0.99978,0.99979,0.99979,0.99979,0.99979,0.99979,0.99979,0.99979,0.99979,0.99979,0.99979,0.99979,0.99979,0.9998,0.9998,0.9998,0.9998,0.9998,0.9998,0.9998,0.9998,0.9998,0.9998,0.9998,0.9998,0.99981,0.99981,0.99981,0.99981,0.99981,0.99981,0.99981,0.99981,0.99981,0.99981,0.99981,0.99981,0.99982,0.99982,0.99982,0.99982,0.99982,0.99982,0.99982,0.99982,0.99982,0.99982,0.99982
0.09799,0.99978,0.99978,0.99978,0.99978,0.99978,0.99978,0.99979,0.99979,0.99979,0.99979,0.99979,0.99979,0.99979,0.99979,0.99979,0.99979,0.99979,0.99979,0.9998,0.9998,0.9998,0.9998,0.9998,0.9998,0.9998,0.9998,0.9998,0.9998,0.9998,0.9998,0.99981,0.99981,0.99981,0.99981,0.99981,0.99981,0.99981,0.99981,0.99981,0.99981,0.99981,0.99981,0.99982,0.99982,0.99982,0.99982,0.99982,0.99982,0.99982,0.99982,0.99982
0.09866,0.99978,0.99978,0.99978,0.99978,0.99978,0.99978,0.99978,0.99978,0.99979,0.99979,0.99979,0.99979,0.99979,0.99979,0.99979,0.99979,0.99979,0.99979,0.99979,0.9998,0.9998,0.9998,0.9998,0.9998,0.9998,0.9998,0.9998,0.9998,0.9998,0.9998,0.9998,0.99981,0.99981,0.99981,0.99981,0.99981,0.99981,0.99981,0.99981,0.99981,0.99981,0.99981,0.99981,0.99982,0.99982,0.99982,0.99982,0.99982,0.99982,0.99982,0.99982
0.09933,0.99978,0.99978,0.99978,0.99978,0.99978,0.99978,0.99978,0.99978,0.99978,0.99979,0.99979,0.99979,0.99979,0.99979,0.99979,0.99979,0.99979,0.99979,0.99979,0.99979,0.99979,0.9998,0.9998,0.9998,0.9998,0.9998,0.9998,0.9998,0.9998,0.9998,0.9998,0.9998,0.9998,0.99981,0.99981,0.99981,0.99981,0.99981,0.99981,0.99981,0.99981,0.99981,0.99981,0.99981,0.99981,0.99982,0.99982,0.99982,0.99982,0.99982,0.99982
0.09999,0.99978,0.99978,0.99978,0.99978,0.99978,0.99978,0.99978,0.99978,0.99978,0.99978,0.99978,0.99979,0.99979,0.99979,0.99979,0.99979,0.99979,0.99979,0.99979,0.99979,0.99979,0.99979,0.9998,0.9998,0.9998,0.9998,0.9998,0.9998,0.9998,0.9998,0.9998,0.9998,0.9998,0.9998,0.99981,0.99981,0.99981,0.99981,0.99981,0.99981,0.99981,0.99981,0.99981,0.99981,0.99981,0.99981,0.99982,0.99982,0.99982,0.99982,0.99982
0.10066,0.99977,0.99978,0.99978,0.99978,0.99978,0.99978,0.99978,0.99978,0.99978,0.99978,0.99978,0.99978,0.99978,0.99979,0.99979,0.99979,0.99979,0.99979,0.99979,0.99979,0.99979,0.99979,0.99979,0.99979,0.9998,0.9998,0.9998,0.9998,0.9998,0.9998,0.9998,0.9998,0.9998,0.9998,0.9998,0.9998,0.99981,0.99981,0.99981,0.99981,0.99981,0.99981,0.99981,0.99981,0.99981,0.99981,0.99981,0.99981,0.99982,0.99982,0.99982
0.10133,0.99977,0.99977,0.99977,0.99978,0.99978,0.99978,0.99978,0.99978,0.99978,0.99978,0.99978,0.99978,0.99978,0.99978,0.99979,0.99979,0.99979,0.99979,0.99979,0.99979,0.99979,0.99979,0.99979,0.99979,0.99979,0.99979,0.9998,0.9998,0.9998,0.9998,0.9998,0.9998,0.9998,0.9998,0.9998,0.9998,0.9998,0.99981,0.99981,0.99981,0.99981,0.99981,0.99981,0.99981,0.99981,0.99981,0.99981,0.99981,0.99981,0.99982,0.99982
0.10199,0.99977,0.99977,0.99977,0.99977,0.99977,0.99978,0.99978,0.99978,0.99978,0.99978,0.99978,0.99978,0.99978,0.99978,0.99978,0.99978,0.99979,0.99979,0.99979,0.99979,0.99979,0.99979,0.99979,0.99979,0.99979,0.99979,0.99979,0.9998,0.9998,0.9998,0.9998,0.9998,0.9998,0.9998,0.9998,0.9998,0.9998,0.9998,0.9998,0.99981,0.99981,0.99981,0.99981,0.99981,0.99981,0.99981,0.99981,0.99981,0.99981,0.99981,0.99982
0.10266,0.99977,0.99977,0.99977,0.99977,0.99977,0.99977,0.99978,0.99978,0.99978,0.99978,0.99978,0.99978,0.99978,0.99978,0.99978,0.99978,0.99978,0.99979,0.99979,0.99979,0.99979,0.99979,0.99979,0.99979,0.99979,0.99979,0.99979,0.99979,0.99979,0.9998,0.9998,0.9998,0.9998,0.9998,0.9998,0.9998,0.9998,0.9998,0.9998,0.9998,0.99981,0.99981,0.99981,0.99981,0.99981,0.99981,0.99981,0.99981,0.99981,0.99981,0.99981
0.10332,0.99977,0.99977,0.99977,0.99977,0.99977,0.99977,0.99977,0.99977,0.99978,0.99978,0.99978,0.99978,0.99978,0.99978,0.99978,0.99978,0.99978,0.99978,0.99978,0.99979,0.99979,0.99979,0.99979,0.99979,0.99979,0.99979,0.99979,0.99979,0.99979,0.99979,0.9998,0.9998,0.9998,0.9998,0.9998,0.9998,0.9998,0.9998,0.9998,0.9998,0.9998,0.9998,0.99981,0.99981,0.99981,0.99981,0.99981,0.99981,0.99981,0.99981,0.99981
0.10399,0.99977,0.99977,0.99977,0.99977,0.99977,0.99977,0.99977,0.99977,0.99977,0.99978,0.99978,0.99978,0.99978,0.99978,0.99978,0.99978,0.99978,0.99978,0.99978,0.99978,0.99979,0.99979,0.99979,0.99979,0.99979,0.99979,0.99979,0.99979,0.99979,0.99979,0.99979,0.99979,0.9998,0.9998,0.9998,0.9998,0.9998,0.9998,0.9998,0.9998,0.9998,0.9998,0.9998,0.99981,0.99981,0.99981,0.99981,0.99981,0.99981,0.99981,0.99981
0.10466,0.99977,0.99977,0.99977,0.99977,0.99977,0.99977,0.99977,0.99977,0.99977,0.99977,0.99977,0.99978,0.99978,0.99978,0.99978,0.99978,0.99978,0.99978,0.99978,0.99978,0.99978,0.99978,0.99979,0.99979,0.99979,0.99979,0.99979,0.99979,0.99979,0.99979,0.99979,0.99979,0.99979,0.9998,0.9998,0.9998,0.9998,0.9998,0.9998,0.9998,0.9998,0.9998,0.9998,0.9998,0.99981,0.99981,0.99981,0.99981,0.99981,0.99981,0.99981
0.10532,0.99976,0.99976,0.99977,0.99977,0.99977,0.99977,0.99977,0.99977,0.99977,0.99977,0.99977,0.99977,0.99978,0.99978,0.99978,0.99978,0.99978,0.99978,0.99978,0.99978,0.99978,0.99978,0.99978,0.99979,0.99979,0.99979,0.99979,0.99979,0.99979,0.99979,0.99979,0.99979,0.99979,0.99979,0.9998,0.9998,0.9998,0.9998,0.9998,0.9998,0.9998,0.9998,0.9998,0.9998,0.9998,0.9998,0.99981,0.99981,0.99981,0.99981,0.99981
0.10599,0.99976,0.99976,0.99976,0.99977,0.99977,0.99977,0.99977,0.99977,0.99977,0.99977,0.99977,0.99977,0.99977,0.99977,0.99978,0.99978,0.99978,0.99978,0.99978,0.99978,0.99978,0.99978,0.99978,0.99978,0.99978,0.99979,0.99979,0.99979,0.99979,0.99979,0.99979,0.99979,0.99979,0.99979,0.99979,0.99979,0.9998,0.9998,0.9998,0.9998,0.9998,0.9998,0.9998,0.9998,0.9998,0.9998,0.9998,0.99981,0.99981,0.99981,0.99981
0.10666,0.99976,0.99976,0.99976,0.99976,0.99976,0.99977,0.99977,0.99977,0.99977,0.99977,0.99977,0.99977,0.99977,0.99977,0.99977,0.99978,0.99978,0.99978,0.99978,0.99978,0.99978,0.99978,0.99978,0.99978,0.99978,0.99978,0.99979,0.99979,0.99979,0.99979,0.99979,0.99979,0.99979,0.99979,0.99979,0.99979,0.99979,0.9998,0.9998,0.9998,0.9998,0.9998,0.9998,0.9998,0.9998,0.9998,0.9998,0.9998,0.9998,0.99981,0.99981
0.10732,0.99976,0.99976,0.99976,0.99976,0.99976,0.99976,0.99977,0.99977,0.99977,0.99977,0.99977,0.99977,0.99977,0.99977,0.99977,0.99977,0.99977,0.99978,0.99978,0.99978,0.99978,0.99978,0.99978,0.99978,0.99978,0.99978,0.99978,0.99978,0.99979,0.99979,0.99979,0.99979,0.99979,0.99979,0.99979,0.99979,0.99979,0.99979,0.99979,0.9998,0.9998,0.9998,0.9998,0.9998,0.9998,0.9998,0.9998,0.9998,0.9998,0.9998,0.99981
0.10799,0.99976,0.99976,0.99976,0.99976,0.99976,0.99976,0.99976,0.99976,0.99977,0.99977,0.99977,0.99977,0.99977,0.99977,0.99977,0.99977,0.99977,0.99977,0.99978,0.99978,0.99978,0.99978,0.99978,0.99978,0.99978,0.99978,0.99978,0.99978,0.99978,0.99979,0.99979,0.99979,0.99979,0.99979,0.99979,0.99979,0.99979,0.99979,0.99979,0.99979,0.9998,0.9998,0.9998,0.9998,0.9998,0.9998,0.9998,0.9998,0.9998,0.9998,0.9998
0.10866,0.99976,0.99976,0.99976,0.99976,0.99976,0.99976,0.99976,0.99976,0.99976,0.99977,0.99977,0.99977,0.99977,0.99977,0.99977,0.99977,0.99977,0.99977,0.99977,0.99977,0.99978,0.99978,0.99978,0.99978,0.99978,0.99978,0.99978,0.99978,0.99978,0.99978,0.99978,0.99979,0.99979,0.99979,0.99979,0.99979,0.99979,0.99979,0.99979,0.99979,0.99979,0.99979,0.9998,0.9998,0.9998,0.9998,0.9998,0.9998,0.9998,0.9998,0.9998
0.10932,0.99976,0.99976,0.99976,0.99976,0.99976,0.99976,0.99976,0.99976,0.99976,0.99976,0.99976,0.99977,0.99977,0.99977,0.99977,0.99977,0.99977,0.99977,0.99977,0.99977,0.99977,0.99978,0.99978,0.99978,0.99978,0.99978,0.99978,0.99978,0.99978,0.99978,0.99978,0.99978,0.99979,0.99979,0.99979,0.99979,0.99979,0.99979,0.99979,0.99979,0.99979,0.99979,0.99979,0.9998,0.9998,0.9998,0.9998,0.9998,0.9998,0.9998,0.9998
0.10999,0.99975,0.99975,0.99976,0.99976,0.99976,0.99976,0.99976,0.99976,0.99976,0.99976,0.99976,0.99976,0.99977,0.99977,0.99977,0.99977,0.99977,0.99977,0.99977,0.99977,0.99977,0.99977,0.99977,0.99978,0.99978,0.99978,0.99978,0.99978,0.99978,0.99978,0.99978,0.99978,0.99978,0.99979,0.99979,0.99979,0.99979,0.99979,0.99979,0.99979,0.99979,0.99979,0.99979,0.99979,0.9998,0.9998,0.9998,0.9998,0.9998,0.9998,0.9998
0.11066,0.99975,0.99975,0.99975,0.99976,0.99976,0.99976,0.99976,0.99976,0.99976,0.99976,0.99976,0.99976,0.99976,0.99976,0.99977,0.99977,0.99977,0.99977,0.99977,0.99977,0.99977,0.99977,0.99977,0.99977,0.99978,0.99978,0.99978,0.99978,0.99978,0.99978,0.99978,0.99978,0.99978,0.99978,0.99978,0.99979,0.99979,0.99979,0.99979,0.99979,0.99979,0.99979,0.99979,0.99979,0.99979,0.99979,0.9998,0.9998,0.9998,0.9998,0.9998
0.11132,0.99975,0.99975,0.99975,0.99975,0.99975,0.99976,0.99976,0.99976,0.99976,0.99976,0.99976,0.99976,0.99976,0.99976,0.99976,0.99977,0.99977,0.99977,0.99977,0.99977,0.99977,0.99977,0.99977,0.99977,0.99977,0.99977,0.99978,0.99978,0.99978,0.99978,0.99978,0.99978,0.99978,0.99978,0.99978,0.99978,0.99979,0.99979,0.99979,0.99979,0.99979,0.99979,0.99979,0.99979,0.99979,0.99979,0.99979,0.9998,0.9998,0.9998,0.9998
0.11199,0.99975,0.99975,0.99975,0.99975,0.99975,0.99975,0.99976,0.99976,0.99976,0.99976,0.99976,0.99976,0.99976,0.99976,0.99976,0.99976,0.99976,0.99977,0.99977,0.99977,0.99977,0.99977,0.99977,0.99977,0.99977,0.99977,0.99977,0.99978,0.99978,0.99978,0.99978,0.99978,0.99978,0.99978,0.99978,0.99978,0.99978,0.99979,0.99979,0.99979,0.99979,0.99979,0.99979,0.99979,0.99979,0.99979,0.99979,0.99979,0.9998,0.9998,0.9998
0.11266,0.99975,0.99975,0.99975,0.99975,0.99975,0.99975,0.99975,0.99975,0.99976,0.99976,0.99976,0.99976,0.99976,0.99976,0.99976,0.99976,0.99976,0.99976,0.99977,0.99977,0.99977,0.99977,0.99977,0.99977,0.99977,0.99977,0.99977,0.99977,0.99978,0.99978,0.99978,0.99978,0.99978,0.99978,0.99978,0.99978,0.99978,0.99978,0.99978,0.99979,0.99979,0.99979,0.99979,0.99979,0.99979,0.99979,0.99979,0.99979,0.99979,0.9998,0.9998
0.11332,0.99975,0.99975,0.99975,0.99975,0.99975,0.99975,0.99975,0.99975,0.99975,0.99976,0.99976,0.99976,0.99976,0.99976,0.99976,0.99976,0.99976,0.99976,0.99976,0.99977,0.99977,0.99977,0.99977,0.99977,0.99977,0.99977,0.99977,0.99977,0.99977,0.99977,0.99978,0.99978,0.99978,0.99978,0.99978,0.99978,0.99978,0.99978,0.99978,0.99978,0.99979,0.99979,0.99979,0.99979,0.99979,0.99979,0.99979,0.99979,0.99979,0.99979,0.99979
0.11399,0.99974,0.99975,0.99975,0.99975,0.99975,0.99975,0.99975,0.99975,0.99975,0.99975,0.99975,0.99976,0.99976,0.99976,0.99976,0.99976,0.99976,0.99976,0.99976,0.99976,0.99976,0.99977,0.99977,0.99977,0.99977,0.99977,0.99977,0.99977,0.99977,0.99977,0.99977,0.99978,0.99978,0.99978,0.99978,0.99978,0.99978,0.99978,0.99978,0.99978,0.99978,0.99979,0.99979,0.99979,0.99979,0.99979,0.99979,0.99979,0.99979,0.99979,0.99979
0.11466,0.99974,0.99974,0.99975,0.99975,0.99975,0.99975,0.99975,0.99975,0.99975,0.99975,0.99975,0.99975,0.99976,0.99976,0.99976,0.99976,0.99976,0.99976,0.99976,0.99976,0.99976,0.99976,0.99977,0.99977,0.99977,0.99977,0.99977,0.99977,0.99977,0.99977,0.99977,0.99977,0.99978,0.99978,0.99978,0.99978,0.99978,0.99978,0.99978,0.99978,0.99978,0.99978,0.99978,0.99979,0.99979,0.99979,0.99979,0.99979,0.99979,0.99979,0.99979
0.11532,0.99974,0.99974,0.99974,0.99974,0.99975,0.99975,0.99975,0.99975,0.99975,0.99975,0.99975,0.99975,0.99975,0.99976,0.99976,0.99976,0.99976,0.99976,0.99976,0.99976,0.99976,0.99976,0.99976,0.99976,0.99977,0.99977,0.99977,0.99977,0.99977,0.99977,0.99977,0.99977,0.99977,0.99977,0.99978,0.99978,0.99978,0.99978,0.99978,0.99978,0.99978,0.99978,0.99978,0.99978,0.99979,0.99979,0.99979,0.99979,0.99979,0.99979,0.99979
0.11599,0.99974,0.99974,0.99974,0.99974,0.99974,0.99975,0.99975,0.99975,0.99975,0.99975,0.99975,0.99975,0.99975,0.99975,0.99975,0.99976,0.99976,0.99976,0.99976,0.99976,0.99976,0.99976,0.99976,0.99976,0.99976,0.99977,0.99977,0.99977,0.99977,0.99977,0.99977,0.99977,0.99977,0.99977,0.99977,0.99978,0.99978,0.99978,0.99978,0.99978,0.99978,0.99978,0.99978,0.99978,0.99978,0.99979,0.99979,0.99979,0.99979,0.99979,0.99979
0.11666,0.99974,0.99974,0.99974,0.99974,0.99974,0.99974,0.99975,0.99975,0.99975,0.99975,0.99975,0.99975,0.99975,0.99975,0.99975,0.99975,0.99976,0.99976,0.99976,0.99976,0.99976,0.99976,0.99976,0.99976,0.99976,0.99976,0.99977,0.99977,0.99977,0.99977,0.99977,0.99977,0.99977,0.99977,0.99977,0.99977,0.99978,0.99978,0.99978,0.99978,0.99978,0.99978,0.99978,0.99978,0.99978,0.99978,0.99978,0.99979,0.99979,0.99979,0.99979
0.11732,0.99974,0.99974,0.99974,0.99974,0.99974,0.99974,0.99974,0.99974,0.99975,0.99975,0.99975,0.99975,0.99975,0.99975,0.99975,0.99975,0.99975,0.99975,0.99976,0.99976,0.99976,0.99976,0.99976,0.99976,0.99976,0.99976,0.99976,0.99976,0.99977,0.99977,0.99977,0.99977,0.99977,0.99977,0.99977,0.99977,0.99977,0.99977,0.99978,0.99978,0.99978,0.99978,0.99978,0.99978,0.99978,0.99978,0.99978,0.99978,0.99979,0.99979,0.99979
0.11799,0.99974,0.99974,0.99974,0.99974,0.99974,0.99974,0.99974,0.99974,0.99974,0.99975,0.99975,0.99975,0.99975,0.99975,0.99975,0.99975,0.99975,0.99975,0.99975,0.99976,0.99976,0.99976,0.99976,0.99976,0.99976,0.99976,0.99976,0.99976,0.99976,0.99977,0.99977,0.99977,0.99977,0.99977,0.99977,0.99977,0.99977,0.99977,0.99977,0.99978,0.99978,0.99978,0.99978,0.99978,0.99978,0.99978,0.99978,0.99978,0.99978,0.99979,0.99979
0.11866,0.99973,0.99974,0.99974,0.99974,0.99974,0.99974,0.99974,0.99974,0.99974,0.99974,0.99974,0.99975,0.99975,0.99975,0.99975,0.99975,0.99975,0.99975,0.99975,0.99975,0.99976,0.99976,0.99976,0.99976,0.99976,0.99976,0.99976,0.99976,0.99976,0.99976,0.99977,0.99977,0.99977,0.99977,0.99977,0.99977,0.99977,0.99977,0.99977,0.99977,0.99978,0.99978,0.99978,0.99978,0.99978,0.99978,0.99978,0.99978,0.99978,0.99978,0.99979
0.11932,0.99973,0.99973,0.99974,0.99974,0.99974,0.99974,0.99974,0.99974,0.99974,0.99974,0.99974,0.99974,0.99975,0.99975,0.99975,0.99975,0.99975,0.99975,0.99975,0.99975,0.99975,0.99975,0.99976,0.99976,0.99976,0.99976,0.99976,0.99976,0.99976,0.99976,0.99976,0.99977,0.99977,0.99977,0.99977,0.99977,0.99977,0.99977,0.99977,0.99977,0.99977,0.99978,0.99978,0.99978,0.99978,0.99978,0.99978,0.99978,0.99978,0.99978,0.99978
0.11999,0.99973,0.99973,0.99973,0.99973,0.99974,0.99974,0.99974,0.99974,0.99974,0.99974,0.99974,0.99974,0.99974,0.99975,0.99975,0.99975,0.99975,0.99975,0.99975,0.99975,0.99975,0.99975,0.99975,0.99976,0.99976,0.99976,0.99976,0.99976,0.99976,0.99976,0.99976,0.99976,0.99976,0.99977,0.99977,0.99977,0.99977,0.99977,0.99977,0.99977,0.99977,0.99977,0.99977,0.99978,0.99978,0.99978,0.99978,0.99978,0.99978,0.99978,0.99978
0.12066,0.99973,0.99973,0.99973,0.99973,0.99973,0.99974,0.99974,0.99974,0.99974,0.99974,0.99974,0.99974,0.99974,0.99974,0.99974,0.99975,0.99975,0.99975,0.99975,0.99975,0.99975,0.99975,0.99975,0.99975,0.99976,0.99976,0.99976,0.99976,0.99976,0.99976,0.99976,0.99976,0.99976,0.99976,0.99977,0.99977,0.99977,0.99977,0.99977,0.99977,0.99977,0.99977,0.99977,0.99977,0.99978,0.99978,0.99978,0.99978,0.99978,0.99978,0.99978
0.12132,0.99973,0.99973,0.99973,0.99973,0.99973,0.99973,0.99974,0.99974,0.99974,0.99974,0.99974,0.99974,0.99974,0.99974,0.99974,0.99974,0.99975,0.99975,0.99975,0.99975,0.99975,0.99975,0.99975,0.99975,0.99975,0.99976,0.99976,0.99976,0.99976,0.99976,0.99976,0.99976,0.99976,0.99976,0.99976,0.99977,0.99977,0.99977,0.99977,0.99977,0.99977,0.99977,0.99977,0.99977,0.99977,0.99978,0.99978,0.99978,0.99978,0.99978,0.99978
0.12199,0.99973,0.99973,0.99973,0.99973,0.99973,0.99973,0.99973,0.99973,0.99974,0.99974,0.99974,0.99974,0.99974,0.99974,0.99974,0.99974,0.99974,0.99975,0.99975,0.99975,0.99975,0.99975,0.99975,0.99975,0.99975,0.99975,0.99975,0.99976,0.99976,0.99976,0.99976,0.99976,0.99976,0.99976,0.99976,0.99976,0.99977,0.99977,0.99977,0.99977,0.99977,0.99977,0.99977,0.99977,0.99977,0.99977,0.99978,0.99978,0.99978,0.99978,0.99978
0.12266,0.99973,0.99973,0.99973,0.99973,0.99973,0.99973,0.99973,0.99973,0.99973,0.99974,0.99974,0.99974,0.99974,0.99974,0.99974,0.99974,0.99974,0.99974,0.99974,0.99975,0.99975,0.99975,0.99975,0.99975,0.99975,0.99975,0.99975,0.99975,0.99976,0.99976,0.99976,0.99976,0.99976,0.99976,0.99976,0.99976,0.99976,0.99976,0.99977,0.99977,0.99977,0.99977,0.99977,0.99977,0.99977,0.99977,0.99977,0.99978,0.99978,0.99978,0.99978
0.12332,0.99972,0.99973,0.99973,0.99973,0.99973,0.99973,0.99973,0.99973,0.99973,0.99973,0.99974,0.99974,0.99974,0.99974,0.99974,0.99974,0.99974,0.99974,0.99974,0.99974,0.99975,0.99975,0.99975,0.99975,0.99975,0.99975,0.99975,0.99975,0.99975,0.99976,0.99976,0.99976,0.99976,0.99976,0.99976,0.99976,0.99976,0.99976,0.99976,0.99977,0.99977,0.99977,0.99977,0.99977,0.99977,0.99977,0.99977,0.99977,0.99977,0.99978,0.99978
0.12399,0.99972,0.99972,0.99972,0.99973,0.99973,0.99973,0.99973,0.99973,0.99973,0.99973,0.99973,0.99973,0.99974,0.99974,0.99974,0.99974,0.99974,0.99974,0.99974,0.99974,0.99974,0.99975,0.99975,0.99975,0.99975,0.99975,0.99975,0.99975,0.99975,0.99975,0.99975,0.99976,0.99976,0.99976,0.99976,0.99976,0.99976,0.99976,0.99976,0.99976,0.99977,0.99977,0.99977,0.99977,0.99977,0.99977,0.99977,0.99977,0.99977,0.99977,0.99978
0.12466,0.99972,0.99972,0.99972,0.99972,0.99973,0.99973,0.99973,0.99973,0.99973,0.99973,0.99973,0.99973,0.99973,0.99974,0.99974,0.99974,0.99974,0.99974,0.99974,0.99974,0.99974,0.99974,0.99975,0.99975,0.99975,0.99975,0.99975,0.99975,0.99975,0.99975,0.99975,0.99975,0.99976,0.99976,0.99976,0.99976,0.99976,0.99976,0.99976,0.99976,0.99976,0.99977,0.99977,0.99977,0.99977,0.99977,0.99977,0.99977,0.99977,0.99977,0.99977
0.12532,0.99972,0.99972,0.99972,0.99972,0.99972,0.99973,0.99973,0.99973,0.99973,0.99973,0.99973,0.99973,0.99973,0.99973,0.99974,0.99974,0.99974,0.99974,0.99974,0.99974,0.99974,0.99974,0.99974,0.99974,0.99975,0.99975,0.99975,0.99975,0.99975,0.99975,0.99975,0.99975,0.99975,0.99976,0.99976,0.99976,0.99976,0.99976,0.99976,0.99976,0.99976,0.99976,0.99977,0.99977,0.99977,0.99977,0.99977,0.99977,0.99977,0.99977,0.99977
0.12599,0.99972,0.99972,0.99972,0.99972,0.99972,0.99972,0.99972,0.99973,0.99973,0.99973,0.99973,0.99973,0.99973,0.99973,0.99973,0.99973,0.99974,0.99974,0.99974,0.99974,0.99974,0.99974,0.99974,0.99974,0.99974,0.99975,0.99975,0.99975,0.99975,0.99975,0.99975,0.99975,0.99975,0.99975,0.99976,0.99976,0.99976,0.99976,0.99976,0.99976,0.99976,0.99976,0.99976,0.99976,0.99977,0.99977,0.99977,0.99977,0.99977,0.99977,0.99977
0.12666,0.99972,0.99972,0.99972,0.99972,0.99972,0.99972,0.99972,0.99972,0.99973,0.99973,0.99973,0.99973,0.99973,0.99973,0.99973,0.99973,0.99973,0.99974,0.99974,0.99974,0.99974,0.99974,0.99974,0.99974,0.99974,0.99974,0.99975,0.99975,0.99975,0.99975,0.99975,0.99975,0.99975,0.99975,0.99975,0.99976,0.99976,0.99976,0.99976,0.99976,0.99976,0.99976,0.99976,0.99976,0.99976,0.99977,0.99977,0.99977,0.99977,0.99977,0.99977
0.12732,0.99972,0.99972,0.99972,0.99972,0.99972,0.99972,0.99972,0.99972,0.99972,0.99973,0.99973,0.99973,0.99973,0.99973,0.99973,0.99973,0.99973,0.99973,0.99974,0.99974,0.99974,0.99974,0.99974,0.99974,0.99974,0.99974,0.99974,0.99975,0.99975,0.99975,0.99975,0.99975,0.99975,0.99975,0.99975,0.99975,0.99975,0.99976,0.99976,0.99976,0.99976,0.99976,0.99976,0.99976,0.99976,0.99976,0.99977,0.99977,0.99977,0.99977,0.99977
0.12799,0.99971,0.99972,0.99972,0.99972,0.99972,0.99972,0.99972,0.99972,0.99972,0.99972,0.99973,0.99973,0.99973,0.99973,0.99973,0.99973,0.99973,0.99973,0.99973,0.99974,0.99974,0.99974,0.99974,0.99974,0.99974,0.99974,0.99974,0.99974,0.99975,0.99975,0.99975,0.99975,0.99975,0.99975,0.99975,0.99975,0.99975,0.99975,0.99976,0.99976,0.99976,0.99976,0.99976,0.99976,0.99976,0.99976,0.99976,0.99977,0.99977,0.99977,0.99977
0.12866,0.99971,0.99971,0.99971,0.99972,0.99972,0.99972,0.99972,0.99972,0.99972,0.99972,0.99972,0.99972,0.99973,0.99973,0.99973,0.99973,0.99973,0.99973,0.99973,0.99973,0.99973,0.99974,0.99974,0.99974,0.99974,0.99974,0.99974,0.99974,0.99974,0.99974,0.99975,0.99975,0.99975,0.99975,0.99975,0.99975,0.99975,0.99975,0.99975,0.99976,0.99976,0.99976,0.99976,0.99976,0.99976,0.99976,0.99976,0.99976,0.99977,0.99977,0.99977
0.12932,0.99971,0.99971,0.99971,0.99971,0.99972,0.99972,0.99972,0.99972,0.99972,0.99972,0.99972,0.99972,0.99972,0.99973,0.99973,0.99973,0.99973,0.99973,0.99973,0.99973,0.99973,0.99973,0.99974,0.99974,0.99974,0.99974,0.99974,0.99974,0.99974,0.99974,0.99974,0.99975,0.99975,0.99975,0.99975,0.99975,0.99975,0.99975,0.99975,0.99975,0.99976,0.99976,0.99976,0.99976,0.99976,0.99976,0.99976,0.99976,0.99976,0.99977,0.99977
0.12999,0.99971,0.99971,0.99971,0.99971,0.99971,0.99972,0.99972,0.99972,0.99972,0.99972,0.99972,0.99972,0.99972,0.99972,0.99973,0.99973,0.99973,0.99973,0.99973,0.99973,0.99973,0.99973,0.99973,0.99974,0.99974,0.99974,0.99974,0.99974,0.99974,0.99974,0.99974,0.99974,0.99975,0.99975,0.99975,0.99975,0.99975,0.99975,0.99975,0.99975,0.99975,0.99976,0.99976,0.99976,0.99976,0.99976,0.99976,0.99976,0.99976,0.99976,0.99977
0.13066,0.99971,0.99971,0.99971,0.99971,0.99971,0.99971,0.99971,0.99972,0.99972,0.99972,0.99972,0.99972,0.99972,0.99972,0.99972,0.99973,0.99973,0.99973,0.99973,0.99973,0.99973,0.99973,0.99973,0.99973,0.99974,0.99974,0.99974,0.99974,0.99974,0.99974,0.99974,0.99974,0.99974,0.99975,0.99975,0.99975,0.99975,0.99975,0.99975,0.99975,0.99975,0.99975,0.99976,0.99976,0.99976,0.99976,0.99976,0.99976,0.99976,0.99976,0.99976
0.13132,0.99971,0.99971,0.99971,0.99971,0.99971,0.99971,0.99971,0.99971,0.99972,0.99972,0.99972,0.99972,0.99972,0.99972,0.99972,0.99972,0.99972,0.99973,0.99973,0.99973,0.99973,0.99973,0.99973,0.99973,0.99973,0.99974,0.99974,0.99974,0.99974,0.99974,0.99974,0.99974,0.99974,0.99974,0.99975,0.99975,0.99975,0.99975,0.99975,0.99975,0.99975,0.99975,0.99975,0.99976,0.99976,0.99976,0.99976,0.99976,0.99976,0.99976,0.99976
0.13199,0.99971,0.99971,0.99971,0.99971,0.99971,0.99971,0.99971,0.99971,0.99971,0.99972,0.99972,0.99972,0.99972,0.99972,0.99972,0.99972,0.99972,0.99972,0.99973,0.99973,0.99973,0.99973,0.99973,0.99973,0.99973,0.99973,0.99973,0.99974,0.99974,0.99974,0.99974,0.99974,0.99974,0.99974,0.99974,0.99975,0.99975,0.99975,0.99975,0.99975,0.99975,0.99975,0.99975,0.99975,0.99975,0.99976,0.99976,0.99976,0.99976,0.99976,0.99976
0.13266,0.9997,0.9997,0.99971,0.99971,0.99971,0.99971,0.99971,0.99971,0.99971,0.99971,0.99972,0.99972,0.99972,0.99972,0.99972,0.99972,0.99972,0.99972,0.99972,0.99973,0.99973,0.99973,0.99973,0.99973,0.99973,0.99973,0.99973,0.99973,0.99974,0.99974,0.99974,0.99974,0.99974,0.99974,0.99974,0.99974,0.99974,0.99975,0.99975,0.99975,0.99975,0.99975,0.99975,0.99975,0.99975,0.99975,0.99976,0.99976,0.99976,0.99976,0.99976
0.13332,0.9997,0.9997,0.9997,0.99971,0.99971,0.99971,0.99971,0.99971,0.99971,0.99971,0.99971,0.99972,0.99972,0.99972,0.99972,0.99972,0.99972,0.99972,0.99972,0.99972,0.99973,0.99973,0.99973,0.99973,0.99973,0.99973,0.99973,0.99973,0.99973,0.99974,0.99974,0.99974,0.99974,0.99974,0.99974,0.99974,0.99974,0.99974,0.99975,0.99975,0.99975,0.99975,0.99975,0.99975,0.99975,0.99975,0.99975,0.99976,0.99976,0.99976,0.99976
